route,route_type,week_of,freight_cost_inr,tonne_km,shipment_count,cost_per_tonne_km,own_history_baseline,baseline_weeks_used,vs_own_history,peer_count,peer_baseline,vs_similar_routes,is_candidate,low_confidence
Ahmedabad-Mumbai,Medium,2024-01-01,65994.0,26442.190000000002,3,2.495784199417673,,0,,2,2.598211223154354,-0.03942213120468696,False,True
Ahmedabad-Mumbai,Medium,2024-01-08,114257.0,44419.41,5,2.5722313736269795,2.495784199417673,1,0.030630522553650064,2,2.7010030172793957,-0.04767549048579822,False,True
Ahmedabad-Mumbai,Medium,2024-01-15,65390.0,25489.76,3,2.5653438871138845,2.5340077865223263,2,0.012366221113536469,2,2.5862582241984473,-0.008086716511474745,False,True
Ahmedabad-Mumbai,Medium,2024-01-22,120960.0,45311.09,5,2.6695451378459447,2.544453153386179,3,0.04916262038202279,2,2.6761636512581863,-0.0024731347834913153,False,True
Ahmedabad-Mumbai,Medium,2024-01-29,106792.0,42837.97,5,2.4929285864853075,2.5757261495011203,4,-0.03214532842781037,2,2.657266577155525,-0.06184475132567746,False,True
Ahmedabad-Mumbai,Medium,2024-02-05,47186.0,18545.07,3,2.5443958960521584,2.5591666368979578,5,-0.00577169951844303,2,2.676139428693331,-0.04922894944434886,False,True
Ahmedabad-Mumbai,Medium,2024-02-12,61181.0,24717.15,4,2.475244921036608,2.556704846756991,6,-0.03186129436243279,2,2.7379560592918475,-0.09595155384750331,False,True
Ahmedabad-Mumbai,Medium,2024-02-19,76346.0,30844.010000000002,3,2.4752293881372753,2.545067714511222,7,-0.02744065549837804,2,2.6943676673800914,-0.08133198816770926,False,True
Ahmedabad-Mumbai,Medium,2024-02-26,82927.0,32301.75,4,2.5672602877553072,2.5363379237144787,8,0.012191736657685803,2,2.6362526942225974,-0.026170634787207048,False,False
Ahmedabad-Mumbai,Medium,2024-03-04,102309.0,40561.72,5,2.5223042809821674,2.545272434756683,8,-0.00902384886618679,2,2.574685413512512,-0.020344672889136994,False,False
Ahmedabad-Mumbai,Medium,2024-03-11,75344.0,28747.7,4,2.620870539208354,2.539031548176082,8,0.03223236477351432,2,2.7196630318761104,-0.03632526953150006,False,False
Ahmedabad-Mumbai,Medium,2024-03-18,85768.0,33947.58,4,2.526483478351034,2.5459723796878904,8,-0.007654796843964751,2,2.641895006856675,-0.043685130637707514,False,False
Ahmedabad-Mumbai,Medium,2024-03-25,100958.0,38159.69,5,2.645671387791672,2.5280896722510264,8,0.04651010477644579,2,2.703227927145212,-0.0212917818640338,False,False
Ahmedabad-Mumbai,Medium,2024-04-01,93785.0,36685.05,5,2.5564909956508166,2.547182522414322,8,0.003654419404413911,2,2.612401290749121,-0.021401878530794893,False,False
Ahmedabad-Mumbai,Medium,2024-04-08,58831.0,22703.100000000002,3,2.5913201280882343,2.5486944098641544,8,0.01672453082609926,2,2.6525744998010783,-0.02309242274531309,False,False
Ahmedabad-Mumbai,Medium,2024-04-15,71337.0,29025.93,4,2.4576990297985284,2.5632038107456077,8,-0.04116129217067177,2,2.649324881915425,-0.07233006922818541,False,False
Ahmedabad-Mumbai,Medium,2024-04-22,62938.0,23521.32,3,2.6757852025311504,2.5610125159532644,8,0.04481535559195238,2,2.5644774582252507,0.043403674284167915,False,False
Ahmedabad-Mumbai,Medium,2024-04-29,77471.0,30729.53,4,2.5210603611574927,2.574578130300245,8,-0.020787005262299485,2,2.6339292506359144,-0.04285190631114011,False,False
Ahmedabad-Mumbai,Medium,2024-05-06,87371.0,33617.869999999995,4,2.5989451443532863,2.5744226403221604,8,0.009525438304899714,2,2.6100416733710077,-0.004251475802449445,False,False
Ahmedabad-Mumbai,Medium,2024-05-13,68706.0,25886.98,3,2.654075523680244,2.5716819659652765,8,0.03203878193547971,2,2.6543086151422046,-8.781626244636076e-05,False,False
Ahmedabad-Mumbai,Medium,2024-05-20,50322.0,19512.1,3,2.5790150726984797,2.587630971631428,8,-0.003329647475782127,2,2.7007375792941417,-0.04507009771289039,False,False
Ahmedabad-Mumbai,Medium,2024-05-27,109179.0,43769.32,5,2.4944184648059418,2.5792989322447792,8,-0.03290834822506028,2,2.6616055699302135,-0.06281438054273958,False,False
Ahmedabad-Mumbai,Medium,2024-06-03,62381.0,25124.77,3,2.4828485992110574,2.5715398658891697,8,-0.034489555403974026,2,2.679583803293766,-0.0734200601753453,False,False
Ahmedabad-Mumbai,Medium,2024-06-10,101406.0,41507.22,5,2.4430930329711313,2.557980924779523,8,-0.04491350607639655,2,2.5415939719542973,-0.03875557625257742,False,False
Ahmedabad-Mumbai,Medium,2024-06-17,60993.0,24292.57,3,2.5107676956369787,2.556155175176098,8,-0.01775615188776347,2,2.6934342493783774,-0.06781919914457046,False,False
Ahmedabad-Mumbai,Medium,2024-06-24,113404.0,43289.33,5,2.6196755643942744,2.5355279868143263,8,0.03318739845016361,2,2.677716521153359,-0.02167554194052057,False,False
Ahmedabad-Mumbai,Medium,2024-07-01,72570.0,27652.260000000002,3,2.6243786222174967,2.547854887218924,8,0.030034573547515153,2,2.649449583826616,-0.009462705673723093,False,False
Ahmedabad-Mumbai,Medium,2024-07-08,122820.0,47462.21,5,2.587742964349953,2.55103407195195,8,0.0143898087452492,2,2.6522734156271683,-0.024330240953667315,False,False
Ahmedabad-Mumbai,Medium,2024-07-15,85905.0,33597.51,4,2.5568859120809844,2.542742502035664,8,0.005562265952607115,2,2.7296565862333884,-0.0632939231344144,False,False
Ahmedabad-Mumbai,Medium,2024-07-22,47248.0,18716.75,3,2.524369882591796,2.5399763569584772,8,-0.006144338439972419,2,2.6533141046379485,-0.04859742079566076,False,False
Ahmedabad-Mumbai,Medium,2024-07-29,104883.0,43020.8,5,2.437960242487355,2.5437202841817093,8,-0.041576914864433046,2,2.6796189974142965,-0.09018399823263334,False,False
Ahmedabad-Mumbai,Medium,2024-08-05,86376.0,34354.89,4,2.51422723228047,2.538109239591246,8,-0.009409369359776654,2,2.6507238426343402,-0.051494089334563564,False,False
Ahmedabad-Mumbai,Medium,2024-08-12,78524.0,32154.340000000004,5,2.442096463494508,2.5470010145049136,8,-0.04118747908343379,2,2.6763752939979506,-0.08753586652396517,False,False
Ahmedabad-Mumbai,Medium,2024-08-19,75091.0,28214.36,4,2.6614461572050545,2.5384171104871047,8,0.04846683636415494,2,2.697186217449425,-0.013250868632336377,False,False
Ahmedabad-Mumbai,Medium,2024-08-26,57267.0,22214.29,3,2.5779351939674866,2.543638434588452,8,0.013483346891077996,2,2.5944148551377326,-0.006351976106524049,False,False
Ahmedabad-Mumbai,Medium,2024-09-02,61677.0,24576.03,3,2.50964049116151,2.537833006057201,8,-0.011108892834320594,2,2.5525072586027027,-0.016793984540776186,False,False
Ahmedabad-Mumbai,Medium,2024-09-09,97010.0,38692.65,4,2.5071945188556484,2.5280701969086454,8,-0.008257554746115892,2,2.6438351975555756,-0.0516827519454548,False,False
Ahmedabad-Mumbai,Medium,2024-09-16,78424.0,30303.57,4,2.5879459086833663,2.521858772755478,8,0.026205724381496154,2,2.677638502187811,-0.03349690162849084,False,False
Ahmedabad-Mumbai,Medium,2024-09-23,59790.0,24085.260000000002,3,2.4824311632924037,2.5298057760169246,8,-0.018726580978524865,2,2.6743965244127845,-0.0717789450322931,False,False
Ahmedabad-Mumbai,Medium,2024-09-30,82824.0,33280.99,4,2.4886278923794034,2.535364641117556,8,-0.018433935687275138,2,2.667109643640506,-0.06691954029212,False,False
Ahmedabad-Mumbai,Medium,2024-10-07,103576.0,41561.96,5,2.492086513725532,2.5321647236299225,8,-0.015827647202563244,2,2.705665035168262,-0.07893753242424106,False,False
Ahmedabad-Mumbai,Medium,2024-10-14,93879.0,37972.38,5,2.472296969534172,2.5384134799088005,8,-0.0260463911407387,2,2.624774471166008,-0.058091658276491986,False,False
Ahmedabad-Mumbai,Medium,2024-10-21,80692.0,31581.329999999998,4,2.5550538878508284,2.5147698314499403,8,0.01601898348592079,2,2.6975236541553054,-0.05281502020752049,False,False
Ahmedabad-Mumbai,Medium,2024-10-28,76251.0,28530.51,4,2.672612582109468,2.511909668185358,8,0.06397639053644966,2,2.5636175854043306,0.0425160902802697,False,False
Ahmedabad-Mumbai,Medium,2024-11-04,70340.0,27894.01,4,2.521688348143562,2.532281179553853,8,-0.0041831181686375896,2,2.645586105567297,-0.04683187485865903,False,False
Ahmedabad-Mumbai,Medium,2024-11-11,108179.0,41848.78,5,2.584997698857649,2.5340929082148422,8,0.02008797328534695,2,2.6776428125892684,-0.03459950419676472,False,False
Ahmedabad-Mumbai,Medium,2024-11-18,47507.0,18308.100000000002,3,2.5948623833166735,2.5337243819866275,8,0.024129696886016072,2,2.6577780521031613,-0.023672280962927394,False,False
Ahmedabad-Mumbai,Medium,2024-11-25,85307.0,32847.69,4,2.5970471591761854,2.5477782844896613,8,0.019337975751839487,2,2.7119285791389096,-0.042361521186963236,False,False
Ahmedabad-Mumbai,Medium,2024-12-02,99241.0,39748.88,4,2.4966992780677093,2.5613306928392587,8,-0.025233529958564205,2,2.648092983427163,-0.0571708419254674,False,False
Ahmedabad-Mumbai,Medium,2024-12-09,91496.0,36806.82,5,2.485843656148507,2.561907288382031,8,-0.029690236090300415,2,2.578533566185322,-0.03594675332225372,False,False
Ahmedabad-Mumbai,Medium,2024-12-16,125645.0,51239.17,5,2.4521279325953174,2.563600624208823,8,-0.04348286178464644,2,2.6372613544631416,-0.07019911832193482,False,False
Ahmedabad-Mumbai,Medium,2024-12-23,98229.0,37307.700000000004,5,2.6329417251666545,2.550734879801884,8,0.03222869064744027,2,2.725940301326445,-0.03411614557902731,False,False
Ahmedabad-Mumbai,Medium,2024-12-30,98544.0,38678.45,5,2.547775311575309,2.5457760226840325,8,0.0007853357378897474,2,2.6813390117911258,-0.049812313783700546,False,False
Ahmedabad-Mumbai,Medium,2025-01-06,72462.0,28829.53,3,2.5134644928307885,2.5490368931130005,8,-0.013955231632120202,2,2.615919596956042,-0.0391659989261417,False,False
Ahmedabad-Mumbai,Medium,2025-01-13,103862.0,39871.549999999996,4,2.604915033401009,2.540095242359643,8,0.02551864589973052,2,2.610331775765109,-0.0020751164332404315,False,False
Ahmedabad-Mumbai,Medium,2025-01-20,134631.0,40916.71,5,3.290367187391166,2.541351823620185,8,0.29473107847932667,2,2.6861515905915425,0.22493726672609848,True,False
Ahmedabad-Mumbai,Medium,2025-01-27,66049.0,26840.27,3,2.4608172719573984,2.6280168271470576,8,-0.0636219500052323,2,2.6551868681534376,-0.0732037351221213,False,False
Ahmedabad-Mumbai,Medium,2025-02-03,75778.0,30384.32,4,2.4939837389811585,2.623531576383269,8,-0.049379179792721106,2,2.612945262918033,-0.04552775200657011,False,False
Ahmedabad-Mumbai,Medium,2025-02-10,108944.0,44592.24,5,2.4431156631736823,2.62454908673735,8,-0.06912936949074666,2,2.677183009508929,-0.08743046160978785,False,False
Ahmedabad-Mumbai,Medium,2025-02-17,80830.0,32229.739999999998,4,2.5079321148727853,2.623422553059646,8,-0.04402281212844128,2,2.744293120769436,-0.08612819239600056,False,False
Ahmedabad-Mumbai,Medium,2025-02-24,51506.0,20569.870000000003,3,2.5039535981510816,2.607796351772912,8,-0.03982011614949643,2,3.123179994284496,-0.19826791836097035,False,False
Ahmedabad-Mumbai,Medium,2025-03-03,106254.0,41011.14,5,2.5908570207997146,2.602318637594884,8,-0.0044043863920377735,2,3.07661947878811,-0.15788837759674423,False,False
Ahmedabad-Mumbai,Medium,2025-03-10,51224.0,19424.5,3,2.637082035573631,2.6119927035909996,8,0.009605437238832337,2,3.1359588866453487,-0.15908271412492425,False,False
Ahmedabad-Mumbai,Medium,2025-03-17,90395.0,34000.049999999996,4,2.658672560775646,2.616013578862577,8,0.016306865628586298,2,3.0044083066178207,-0.11507615162713447,False,False
Ahmedabad-Mumbai,Medium,2025-03-24,57824.0,23735.77,3,2.436154377970464,2.537051750535637,8,-0.03976953664578231,2,2.6579065599785423,-0.08343114289535769,False,False
Ahmedabad-Mumbai,Medium,2025-03-31,108654.0,41567.7,5,2.613904546077844,2.5339688887872702,8,0.03154563485143269,2,2.7150742861322454,-0.03726223645929139,False,False
Ahmedabad-Mumbai,Medium,2025-04-07,73513.0,29466.54,4,2.4947957921086084,2.548958989674356,8,-0.021249144370371953,2,2.660680256113074,-0.062346636212049944,False,False
Ahmedabad-Mumbai,Medium,2025-04-14,82623.0,33791.82,4,2.445059188880623,2.555419005791222,8,-0.04318658375025619,2,2.6361209227843947,-0.07247836480200742,False,False
Ahmedabad-Mumbai,Medium,2025-04-21,80102.0,30891.66,4,2.592997592230395,2.5475598900422014,8,0.017835773897131313,2,2.593098968021174,-3.909445494720831e-05,False,False
Ahmedabad-Mumbai,Medium,2025-04-28,67466.0,25447.13,3,2.6512223578847594,2.558690389302116,8,0.03616380042287237,2,2.636001982285576,0.00577403799445797,False,False
Ahmedabad-Mumbai,Medium,2025-05-05,69839.0,26930.019999999997,3,2.593351211770359,2.5662360564377464,8,0.010566118913570177,2,2.8428293479437086,-0.08775698631147288,False,False
Ahmedabad-Mumbai,Medium,2025-05-12,115771.0,44437.850000000006,5,2.605234051602406,2.5607697034623373,8,0.01736366533856981,2,2.791811443307139,-0.06683022671606931,False,False
Ahmedabad-Mumbai,Medium,2025-05-19,70486.0,26762.960000000003,3,2.6337146563758265,2.5540898898156823,8,0.031175397106282032,2,2.7927858995171375,-0.056957908291077386,False,False
Ahmedabad-Mumbai,Medium,2025-05-26,91126.0,34823.880000000005,4,2.6167675744345544,2.578784924616353,8,0.014728894005711757,2,2.8097161795049495,-0.06867192013123224,False,False
Ahmedabad-Mumbai,Medium,2025-06-02,78760.0,29809.369999999995,3,2.6421222588736364,2.5791428031609414,8,0.02441875480314959,2,2.810222434360491,-0.05981739147460352,False,False
Ahmedabad-Mumbai,Medium,2025-06-09,98252.0,35771.2,4,2.7466788925168855,2.59755861150657,8,0.05740785996117581,2,2.762879382740881,-0.0058636255803262705,False,False
Ahmedabad-Mumbai,Medium,2025-06-16,83260.0,29615.43,4,2.811372315039829,2.635261074461103,8,0.06682876405888538,2,2.8089849442373076,0.0008499051614423436,False,False
Ahmedabad-Mumbai,Medium,2025-06-23,113072.0,40404.31,4,2.798513326919826,2.662557914812282,8,0.05106195487850229,2,2.7663173051531915,0.011638585966497361,False,False
Ahmedabad-Mumbai,Medium,2025-06-30,89645.0,33075.75,4,2.7102937953032056,2.680969285941665,8,0.010938025107303906,2,2.7562882814348355,-0.016687110140629624,False,False
Ahmedabad-Mumbai,Medium,2025-07-07,94320.0,35115.79,4,2.685971182764221,2.695587108883271,8,-0.003567284502645429,2,2.8837400718380715,-0.06858069179161297,False,False
Ahmedabad-Mumbai,Medium,2025-07-14,122886.0,45670.12,5,2.69073083232538,2.7056792502784983,8,-0.00552483002247206,2,2.761358667657902,-0.02557720449709855,False,False
Ahmedabad-Mumbai,Medium,2025-07-21,127207.0,45469.53,5,2.7976317327229907,2.712806272272192,8,0.031268528577881316,2,2.8336203970497156,-0.012700594745928329,False,False
Ahmedabad-Mumbai,Medium,2025-07-28,95059.0,35491.53,4,2.678357343287258,2.7354142920582465,8,-0.020858613240649748,2,2.744239318914084,-0.024007372524964765,False,False
Ahmedabad-Mumbai,Medium,2025-08-04,121328.0,45459.229999999996,5,2.6689409389468324,2.7399436776099497,8,-0.025913940948250835,2,2.800919554680858,-0.0471197451970603,False,False
Ahmedabad-Mumbai,Medium,2025-08-11,69190.0,26331.12,3,2.627689213371858,2.7302264334136925,8,-0.03755630624146755,2,2.7977198907185064,-0.06077473227778396,False,False
Ahmedabad-Mumbai,Medium,2025-08-18,68827.0,26365.36,3,2.6105086370904855,2.7072660457051962,8,-0.03573989662678578,2,2.8524044073404613,-0.08480416368291754,False,False
Ahmedabad-Mumbai,Medium,2025-08-25,110078.0,41956.63,5,2.623613955648964,2.683765459476529,8,-0.022413100077417925,2,2.841158142329323,-0.07656884121980112,False,False
Ahmedabad-Mumbai,Medium,2025-09-01,105051.0,38715.880000000005,5,2.713382725641261,2.6729304795197484,8,0.015134043489519078,2,2.7707995360775413,-0.02072210915610362,False,False
Ahmedabad-Mumbai,Medium,2025-09-08,102520.0,39046.19,4,2.6256082859812953,2.6763569223793784,8,-0.018961834265724842,2,2.7620008266277196,-0.04938178849604247,False,False
Ahmedabad-Mumbai,Medium,2025-09-15,89215.0,31845.62,4,2.8014841601451,2.668216604086368,8,0.049946303405290715,2,2.882954863196917,-0.02825944453444329,False,False
Ahmedabad-Mumbai,Medium,2025-09-22,89173.0,33726.68,4,2.6439898620320768,2.668698157514132,8,-0.009258557552672353,2,2.797611244956582,-0.054911626195901064,False,False
Ahmedabad-Mumbai,Medium,2025-09-29,107137.0,39622.94,5,2.703913440042561,2.6644022223572343,8,0.014829299177798516,2,2.868757211205681,-0.05746173657332243,False,False
Ahmedabad-Mumbai,Medium,2025-10-06,75587.0,27502.61,3,2.748357337721765,2.6687737849942,8,0.02982026920941827,2,2.826527258919585,-0.027655817205067268,False,False
Ahmedabad-Mumbai,Medium,2025-10-13,85381.0,31386.440000000002,4,2.7203148875756535,2.6838573005379387,8,0.013584025883346174,2,2.775637734620781,-0.01993158053555777,False,False
Ahmedabad-Mumbai,Medium,2025-10-20,99900.0,36421.479999999996,4,2.742886889824357,2.6975830818485846,8,0.016794221568414702,2,2.7712873462904,-0.010248109602946642,False,False
Ahmedabad-Mumbai,Medium,2025-10-27,118250.0,44306.93,5,2.668882723312132,2.7124921986205086,8,-0.01607727215973387,2,2.779196249485282,-0.03969260040329303,False,False
Ahmedabad-Mumbai,Medium,2025-11-03,94186.0,34362.01,4,2.7409921596553866,2.706929698329368,8,0.012583430351752689,2,2.845674218052064,-0.03678638184673688,False,False
Ahmedabad-Mumbai,Medium,2025-11-10,84833.0,32535.82,4,2.607372428295952,2.721352682538629,8,-0.041883676075513354,2,2.8163251307849793,-0.07419338776087514,False,False
Ahmedabad-Mumbai,Medium,2025-11-17,71091.0,25872.65,4,2.7477278129607905,2.6970887160574852,8,0.01877546578346445,2,2.7815016899909364,-0.012142317637871325,False,False
Ahmedabad-Mumbai,Medium,2025-11-24,96776.0,37098.04,4,2.6086553359692317,2.710055959923575,8,-0.03741643178364584,2,2.8090330850211718,-0.07133335314576039,False,False
Ahmedabad-Mumbai,Medium,2025-12-01,91192.0,32720.769999999997,5,2.7869759788660233,2.6981486969144086,8,0.032921566573850036,2,2.797812983248006,-0.0038733841206934905,False,False
Ahmedabad-Mumbai,Medium,2025-12-08,115318.0,41227.08,5,2.797142072637693,2.7029760270574408,8,0.03483791370608835,2,2.8538757863609034,-0.019879531545959006,False,False
Ahmedabad-Mumbai,Medium,2025-12-15,86288.0,31585.22,5,2.731910684807641,2.712579425190196,8,0.007126522983226469,2,2.8332290385864916,-0.035760735330243154,False,False
Ahmedabad-Mumbai,Medium,2025-12-22,65046.0,23778.98,3,2.735441133303447,2.7112073995631065,8,0.008938354824586936,2,2.8304936156958624,-0.03358159222311019,False,False
Chennai-Bangalore,Medium,2024-01-01,58977.0,21933.45,4,2.688906669949324,,0,,2,2.5016499878885288,0.07485327002873232,False,True
Chennai-Bangalore,Medium,2024-01-08,42903.0,15461.82,4,2.774770369852967,2.688906669949324,1,0.03193256979248793,2,2.599733519166402,0.06732876635090279,False,True
Chennai-Bangalore,Medium,2024-01-15,50849.0,19077.86,3,2.665340871565259,2.7318385199011455,2,-0.024341719999721123,2,2.53625973197276,0.05089429050395289,False,True
Chennai-Bangalore,Medium,2024-01-22,49454.0,17803.78,3,2.7777247303662485,2.7096726371225164,3,0.025114507306682965,2,2.6220738549980345,0.0593617434045659,False,True
Chennai-Bangalore,Medium,2024-01-29,54756.0,20357.34,4,2.6897423730212298,2.7266856604334495,4,-0.01354878853411623,2,2.558859683887564,0.05114883397389791,False,True
Chennai-Bangalore,Medium,2024-02-05,72621.0,27015.600000000002,5,2.688113534402345,2.7192970029510057,5,-0.011467474319583393,2,2.604280609518238,0.032190434693446957,False,True
Chennai-Bangalore,Medium,2024-02-12,52343.0,18868.72,3,2.77406204554416,2.7140997581928956,6,0.02209288261061859,2,2.5885474970380713,0.07166743075735038,False,True
Chennai-Bangalore,Medium,2024-02-19,68906.0,25554.010000000002,5,2.696484817842679,2.722665799243076,7,-0.009615936486834231,2,2.58373995252739,0.0436363052732931,False,True
Chennai-Bangalore,Medium,2024-02-26,68219.0,26001.100000000002,5,2.623696689755433,2.7193931765680266,8,-0.0351903827799428,2,2.6080344932225348,0.006005364029348259,False,False
Chennai-Bangalore,Medium,2024-03-04,78257.0,29644.61,5,2.639839080358959,2.7112419290437906,8,-0.026335845547363013,2,2.515918013824116,0.04925481110828667,False,False
Chennai-Bangalore,Medium,2024-03-11,48428.0,17484.82,3,2.7697168172163056,2.694375517857039,8,0.02796243465691406,2,2.6452398928721346,0.047056951121743795,False,False
Chennai-Bangalore,Medium,2024-03-18,43429.0,16739.64,3,2.5943807632661158,2.70742251106342,8,-0.04175253302186055,2,2.607946364399134,-0.00520164115267141,False,False
Chennai-Bangalore,Medium,2024-03-25,57470.0,21027.52,4,2.733085023816408,2.6845045151759033,8,0.018096638826968547,2,2.659521109132845,0.027660586874435067,False,False
Chennai-Bangalore,Medium,2024-04-01,64764.0,23923.36,5,2.7071448157783857,2.6899223465253006,8,0.006402589753318422,2,2.5370743806853366,0.06703407530649863,False,False
Chennai-Bangalore,Medium,2024-04-08,67420.0,24462.620000000003,5,2.7560416668369943,2.6923012566973057,8,0.02367506607261327,2,2.5702137304266985,0.07230057726734085,False,False
Chennai-Bangalore,Medium,2024-04-15,48798.0,18200.370000000003,3,2.6811542842260896,2.6900487093589103,8,-0.003306417873355283,2,2.5375972547016445,0.056572030592507705,False,False
Chennai-Bangalore,Medium,2024-04-22,40366.0,15576.380000000001,3,2.59148788100958,2.6881323926568363,8,-0.03595228862657962,2,2.606626118986036,-0.005807598514490753,False,False
Chennai-Bangalore,Medium,2024-04-29,43477.0,15933.529999999999,3,2.728648328399294,2.6841062915636043,8,0.01659473657048882,2,2.5301352670150137,0.07845946577333818,False,False
Chennai-Bangalore,Medium,2024-05-06,55512.0,21661.22,4,2.5627365402318056,2.6952074475686465,8,-0.049150542180470436,2,2.6281459754317478,-0.024888052570670727,False,False
Chennai-Bangalore,Medium,2024-05-13,59466.0,21558.78,4,2.7583193483119177,2.669334912945584,8,0.033335807708048115,2,2.6021867028263674,0.060000554655039506,False,False
Chennai-Bangalore,Medium,2024-05-20,69029.0,25826.19,5,2.672829403020732,2.6898272360763094,8,-0.0063193029007960755,2,2.653830414133016,0.007159081750867102,False,False
Chennai-Bangalore,Medium,2024-05-27,39309.0,14422.240000000002,3,2.7255821564472646,2.68229528347685,8,0.01613799690029105,2,2.546023724109552,0.070525042888401,False,False
Chennai-Bangalore,Medium,2024-06-03,45145.0,16338.66,3,2.7630784899128815,2.6845999510604597,8,0.029232861611809824,2,2.539468857942854,0.08805370117874456,False,False
Chennai-Bangalore,Medium,2024-06-10,56720.0,21780.3,4,2.6041881884087914,2.6854795539449454,8,-0.030270707299460797,2,2.461046394235467,0.05816298079898319,False,False
Chennai-Bangalore,Medium,2024-06-17,50991.0,18176.68,3,2.8052977771518233,2.675858791967783,8,0.048372875867957355,2,2.546169208620955,0.1017719355231761,False,False
Chennai-Bangalore,Medium,2024-06-24,43198.0,16274.16,3,2.6543919931965765,2.7025850289855637,8,-0.017832199642975444,2,2.660358306752208,-0.0022426729288639313,False,False
Chennai-Bangalore,Medium,2024-07-01,37670.0,13625.060000000001,3,2.7647584671186767,2.6933029870852243,8,0.02653079893947763,2,2.579259661376026,0.07191939939993786,False,False
Chennai-Bangalore,Medium,2024-07-08,45832.0,17121.14,3,2.6769245505848325,2.718555727946083,8,-0.015313711222945336,2,2.6076826225097287,0.026553050389415356,False,False
Chennai-Bangalore,Medium,2024-07-15,30796.0,11089.859999999999,3,2.776951196859113,2.708381378230197,8,0.025317637752229283,2,2.6196239438443243,0.06005719003465404,False,False
Chennai-Bangalore,Medium,2024-07-22,66262.0,24956.1,5,2.6551424301072686,2.7213966024599947,8,-0.02434565116045051,2,2.5879278308802123,0.0259723622989112,False,False
Chennai-Bangalore,Medium,2024-07-29,65629.0,23658.24,5,2.774044053995563,2.7125916366674954,8,0.02265450372160105,2,2.5115770916601923,0.10450284930807197,False,False
Chennai-Bangalore,Medium,2024-08-05,79700.0,30443.03,5,2.618004843801685,2.7139623321778306,8,-0.03535697133244442,2,2.5988350368737327,0.007376307713248487,False,False
Chennai-Bangalore,Medium,2024-08-12,44144.0,15802.029999999999,3,2.793565130556011,2.7156894141019423,8,0.028676223447968052,2,2.500640960467199,0.11713963528538085,False,False
Chennai-Bangalore,Medium,2024-08-19,40105.0,14517.64,3,2.762501343193522,2.7142228332774656,8,0.01778723151398709,2,2.646658624455191,0.04376942219443847,False,False
Chennai-Bangalore,Medium,2024-08-26,38429.0,14386.23,3,2.6712349239515842,2.727736502027084,8,-0.02071372291037321,2,2.5477649901456836,0.048462057640112466,False,False
Chennai-Bangalore,Medium,2024-09-02,54195.0,21186.73,4,2.5579690683744025,2.7160460591311977,8,-0.058201145089329054,2,2.528342969996256,0.01171759477638834,False,False
Chennai-Bangalore,Medium,2024-09-09,81971.0,30248.77,5,2.7098953114457216,2.7011766238548938,8,0.0032277369476065854,2,2.5424848012605388,0.06584523537846998,False,False
Chennai-Bangalore,Medium,2024-09-16,36492.0,13713.73,3,2.6609828252415646,2.6927946381782197,8,-0.011813679545268685,2,2.6411200439087117,0.007520590129427518,False,False
Chennai-Bangalore,Medium,2024-09-23,56016.0,21293.23,5,2.630695296110548,2.6935246875700067,8,-0.023326087096733117,2,2.6002644580037124,0.011702978138692144,False,False
Chennai-Bangalore,Medium,2024-09-30,45226.0,17171.54,3,2.6337765861419533,2.67560609283438,8,-0.015633656540270047,2,2.594535296759231,0.015124592612687726,False,False
Chennai-Bangalore,Medium,2024-10-07,62753.0,23149.940000000002,4,2.7107197686041515,2.677577560626913,8,0.012377683643822746,2,2.596348407728952,0.04405085254919294,False,False
Chennai-Bangalore,Medium,2024-10-14,46319.0,17623.94,3,2.6281864327726945,2.667221890382931,8,-0.014635249414750473,2,2.5468297395467467,0.03194429999094739,False,False
Chennai-Bangalore,Medium,2024-10-21,53173.0,19535.98,3,2.7217984457396045,2.6504325265803272,8,0.02692614071234467,2,2.614151375210917,0.041178591090579975,False,False
Chennai-Bangalore,Medium,2024-10-28,39988.0,15381.08,3,2.599817438047263,2.65675296680383,8,-0.02143049409108677,2,2.600015157435433,-7.604547519823868e-05,False,False
Chennai-Bangalore,Medium,2024-11-04,60025.0,21990.16,4,2.729629979954671,2.6619840130129377,8,0.025411860706544553,2,2.5416152896617428,0.0739744882153075,False,False
Chennai-Bangalore,Medium,2024-11-11,74960.0,27267.190000000002,5,2.749091490542296,2.6644508465765564,8,0.03176663741967345,2,2.5955959167469445,0.05913692990691999,False,False
Chennai-Bangalore,Medium,2024-11-18,52505.0,18962.23,3,2.7689253848307924,2.675464429739148,8,0.034932609850005125,2,2.570746551346102,0.07708999293645635,False,False
Chennai-Bangalore,Medium,2024-11-25,44738.0,16219.86,3,2.758223560499289,2.6927431908291783,8,0.02431734667201857,2,2.6313403784773577,0.048219980607508095,False,False
Chennai-Bangalore,Medium,2024-12-02,53827.0,19696.43,3,2.7328302641646225,2.708299062623845,8,0.009057789030511021,2,2.530027490378706,0.08015832814352541,False,False
Chennai-Bangalore,Medium,2024-12-09,58563.0,22098.4,5,2.6501013648046916,2.711062874568904,8,-0.022486202860162785,2,2.4964047118572297,0.06156720191139109,False,False
Chennai-Bangalore,Medium,2024-12-16,79077.0,29409.15,5,2.688857039390802,2.7138022410729037,8,-0.009191974752087995,2,2.5188968010653996,0.06747407764125768,False,False
Chennai-Bangalore,Medium,2024-12-23,52020.0,18895.26,4,2.753071405209561,2.7096845652793036,8,0.01601176774824542,2,2.665875461304992,0.03270818354803584,False,False
Chennai-Bangalore,Medium,2024-12-30,45489.0,16625.67,3,2.7360701854421507,2.7288413111745906,8,0.0026490636292986203,2,2.5871915748577052,0.057544486473767975,False,False
Chennai-Bangalore,Medium,2025-01-06,79564.0,29255.829999999998,5,2.719594692750129,2.7296463368605255,8,-0.003682397962938011,2,2.5128544969963715,0.0822730468480668,False,False
Chennai-Bangalore,Medium,2025-01-13,39192.0,15275.41,3,2.565692181093666,2.725959237136505,8,-0.0587929026448657,2,2.6299432019187803,-0.02443057354935929,False,False
Chennai-Bangalore,Medium,2025-01-20,82819.0,29604.02,5,2.797559250399101,2.7005550866693637,8,0.03592008332234187,2,2.9325555590875747,-0.046033674714240025,False,False
Chennai-Bangalore,Medium,2025-01-27,57884.0,21139.6,3,2.7381785842683874,2.7054720479068406,8,0.012089031334421296,2,2.5165062119979433,0.08808735349572228,False,False
Chennai-Bangalore,Medium,2025-02-03,51933.0,19354.77,4,2.6832145254115654,2.706140587919811,8,-0.008471866765011216,2,2.5183298697028293,0.06547381170846878,False,False
Chennai-Bangalore,Medium,2025-02-10,57747.0,21235.23,3,2.7193960225530875,2.7102797329956703,8,0.0033635972871852715,2,2.539042829819227,0.07103196157849023,False,False
Chennai-Bangalore,Medium,2025-02-17,59877.0,21061.879999999997,4,2.8429086102475187,2.7140971058909558,8,0.04746016790518559,2,2.5768048730820694,0.10326887376891958,False,False
Chennai-Bangalore,Medium,2025-02-24,120133.0,33530.229999999996,5,3.5828266015473207,2.7253267565207007,8,0.3146411133912437,2,2.5837434925863763,0.38668045486235303,True,False
Chennai-Bangalore,Medium,2025-03-03,100027.0,28774.9,5,3.476189317773476,2.8311713085338472,8,0.2278272626228537,2,2.633953330301229,0.31976116576671676,True,False
Chennai-Bangalore,Medium,2025-03-10,115248.0,32267.29,5,3.5716665390864866,2.925745636661765,8,0.22077138023581178,2,2.668666634888921,0.3383711897140542,True,False
Chennai-Bangalore,Medium,2025-03-17,102753.0,29618.33,5,3.469236786814111,3.0514924314108676,8,0.1368983750715378,2,2.599126193598588,0.3347704299077616,True,False
Chennai-Bangalore,Medium,2025-03-24,34672.0,12797.580000000002,3,2.7092622198884473,3.135452123462744,8,-0.13592613976947576,2,2.5213526390195504,0.07452729061412344,False,False
Chennai-Bangalore,Medium,2025-03-31,65306.0,23455.32,5,2.7842723953457043,3.1318375779152516,8,-0.11097803571311282,2,2.6298903614983153,0.058702840280928426,False,False
Chennai-Bangalore,Medium,2025-04-07,64225.0,23442.019999999997,5,2.739738299003243,3.1444698116570193,8,-0.12871216354292103,2,2.5382090026657567,0.0793982276974945,False,False
Chennai-Bangalore,Medium,2025-04-14,67169.0,24871.5,5,2.700641296262791,3.1470125962132887,8,-0.14183969282093245,2,2.508329869093311,0.07666911339655447,False,False
Chennai-Bangalore,Medium,2025-04-21,57780.0,22308.239999999998,4,2.5900743402437847,3.1292291819651976,8,-0.17229637408111365,2,2.594560594014479,-0.0017290996329181185,False,False
Chennai-Bangalore,Medium,2025-04-28,69235.0,25704.11,5,2.693538115110774,3.0051351493022556,8,-0.10368819327937029,2,2.614844103672568,0.030095106368934088,False,False
Chennai-Bangalore,Medium,2025-05-05,71918.0,24367.74,5,2.9513611028351416,2.907303748969418,8,0.01515402505890262,2,2.6638244024113176,0.10794131180851974,False,False
Chennai-Bangalore,Medium,2025-05-12,69435.0,23485.989999999998,4,2.9564433945513904,2.829765569438,8,0.04476619069845733,2,2.6162067718326467,0.1300495917914044,False,False
Chennai-Bangalore,Medium,2025-05-19,61133.0,21677.559999999998,4,2.8201052147935473,2.7656663954051597,8,0.01968379826244826,2,2.699590620308277,0.04464180367892534,False,False
Chennai-Bangalore,Medium,2025-05-26,65441.0,23512.78,5,2.78320981185551,2.779521769768297,8,0.0013268620981230494,2,2.7264950607944716,0.020801340107512445,False,False
Chennai-Bangalore,Medium,2025-06-02,74850.0,25652.03,5,2.9178977258330043,2.7793889468320225,8,0.04983425553262544,2,2.672334700880807,0.09189081924178866,False,False
Chennai-Bangalore,Medium,2025-06-09,54905.0,19283.18,4,2.847300082247845,2.8016588751857427,8,0.016290779532921018,2,2.7125687878754015,0.04966926367901281,False,False
Chennai-Bangalore,Medium,2025-06-16,81700.0,27767.19,5,2.942321495261134,2.8199912234338744,8,0.04337966402544313,2,2.7435103541266552,0.07246597077187511,False,False
Chennai-Bangalore,Medium,2025-06-23,48893.0,17442.3,3,2.803128027840365,2.8640221178110434,8,-0.02126173872470627,2,2.7640099546929218,0.01415265277211697,False,False
Chennai-Bangalore,Medium,2025-06-30,51310.0,18636.0,4,2.7532732345996993,2.8777208569022426,8,-0.04324520288479483,2,2.7347985617865884,0.0067554053418259485,False,False
Chennai-Bangalore,Medium,2025-07-07,60099.0,20614.239999999998,4,2.915411870629235,2.8529598733728116,8,0.021890247332007506,2,2.7690197279055644,0.05286785834292296,False,False
Chennai-Bangalore,Medium,2025-07-14,45325.0,16180.100000000002,3,2.801280585410473,2.8478309328825424,8,-0.016345895725260462,2,2.7060837911153555,0.03517880510857374,False,False
Chennai-Bangalore,Medium,2025-07-21,81404.0,27690.25,5,2.939807332905987,2.8454778542096584,8,0.03315066344894424,2,2.7625325969582173,0.06417109291052858,False,False
Chennai-Bangalore,Medium,2025-07-28,54663.0,19732.06,3,2.77026321630889,2.8650525443409682,8,-0.033084673514733876,2,2.698286382403268,0.026675016549397634,False,False
Chennai-Bangalore,Medium,2025-08-04,76216.0,26066.21,4,2.9239386930435995,2.8465982306504536,8,0.027169433873874604,2,2.6734206776324747,0.09370691919424301,False,False
Chennai-Bangalore,Medium,2025-08-11,54929.0,19364.07,4,2.8366453953120394,2.856178056999923,8,-0.006838740897127438,2,2.6932417997484155,0.05324571881255502,False,False
Chennai-Bangalore,Medium,2025-08-18,83046.0,29058.05,5,2.857934376188354,2.8429685445062858,8,0.005264156619315452,2,2.7286915377915273,0.047364400338716806,False,False
Chennai-Bangalore,Medium,2025-08-25,75931.0,26644.739999999998,4,2.849755711633891,2.8498193380497847,8,-2.2326473486988796e-05,2,2.7280872643368594,0.04459844407748692,False,False
Chennai-Bangalore,Medium,2025-09-01,51208.0,17682.54,3,2.8959640413650978,2.861879647679059,8,0.011909792822238696,2,2.679508878215623,0.08078165551502847,False,False
Chennai-Bangalore,Medium,2025-09-08,45559.0,16443.45,3,2.7706472790077505,2.8594486690210417,8,-0.031055423716940922,2,2.689481330114492,0.03017903414477452,False,False
Chennai-Bangalore,Medium,2025-09-15,57872.0,19456.98,4,2.974356760401666,2.8556195057207012,8,0.041580208582794986,2,2.7965185630686342,0.06359271119512577,False,False
Chennai-Bangalore,Medium,2025-09-22,36984.0,12677.06,3,2.91739567376032,2.8599381841576608,8,0.02009046556353522,2,2.660908339092461,0.09639089437982573,False,False
Chennai-Bangalore,Medium,2025-09-29,58342.0,20117.28,4,2.9000938496655615,2.87832974133909,8,0.007561367279742548,2,2.7706670063941807,0.046713243768625956,False,False
Chennai-Bangalore,Medium,2025-10-06,82878.0,29874.91,5,2.774167353140143,2.875349135916835,8,-0.03518939022492973,2,2.813622251210396,-0.014022812782803262,False,False
Chennai-Bangalore,Medium,2025-10-13,64001.0,22296.71,4,2.870423484002797,2.867539380645348,8,0.001005776372912548,2,2.700583436407209,0.06289013155673473,False,False
Chennai-Bangalore,Medium,2025-10-20,46519.0,16285.64,3,2.85644285394986,2.8691005191221537,8,-0.004411718964857481,2,2.7145093642276485,0.052286977378910304,False,False
Chennai-Bangalore,Medium,2025-10-27,50689.0,18034.39,4,2.810685584596984,2.8699364119116493,8,-0.02064534498699866,2,2.708294818842856,0.03780635883573247,False,False
Chennai-Bangalore,Medium,2025-11-03,64477.0,22472.21,5,2.8691882106833284,2.8592766048156353,8,0.0034664732509614993,2,2.7815761925380933,0.031497256260772044,False,False
Chennai-Bangalore,Medium,2025-11-10,78419.0,27027.83,4,2.9014167989069044,2.8715942212750827,8,0.010385373187782543,2,2.6693029454795028,0.08695672921670039,False,False
Chennai-Bangalore,Medium,2025-11-17,60435.0,21496.5,4,2.811387900355872,2.8624767260882376,8,-0.017847769823505888,2,2.749671646293396,0.0224449541623164,False,False
Chennai-Bangalore,Medium,2025-11-24,51925.0,17939.989999999998,4,2.894371735993164,2.8492257544126813,8,0.01584499982515042,2,2.6661748850092053,0.08558960339286625,False,False
Chennai-Bangalore,Medium,2025-12-01,65788.0,22836.71,5,2.8808002553782925,2.8485104902036316,8,0.011335666582836579,2,2.7509008449918713,0.04722068068098806,False,False
Chennai-Bangalore,Medium,2025-12-08,32225.0,11156.45,3,2.888463624181527,2.8618396029834003,8,0.009303114392005707,2,2.8082150105889863,0.028576377980299217,False,False
Chennai-Bangalore,Medium,2025-12-15,46310.0,15755.3,3,2.9393283529986736,2.8640946205057416,8,0.026267893509624107,2,2.729520204490975,0.07686631084924511,False,False
Chennai-Bangalore,Medium,2025-12-22,67337.0,23847.41,4,2.8236609342482057,2.8744553078868433,8,-0.017670956128373105,2,2.786383715223483,0.013378350878616496,False,False
Delhi-Chennai,Long,2024-01-01,134916.0,68964.94,3,1.956298374217392,,0,,1,2.052382241207193,-0.04681577586311858,False,True
Delhi-Chennai,Long,2024-01-08,285908.0,136285.82,4,2.0978558150803948,1.956298374217392,1,0.07235984179541743,1,2.102876555335229,-0.0023875582435384235,True,True
Delhi-Chennai,Long,2024-01-15,275120.0,128158.55,4,2.1467159233621165,2.0270770946488934,2,0.05902036436060931,1,2.050266709738524,0.04704227658063709,False,True
Delhi-Chennai,Long,2024-01-22,314261.0,155006.09999999998,5,2.027410534166075,2.0669567042199675,3,-0.019132558496824603,1,2.068174821338809,-0.01971027146841753,False,True
Delhi-Chennai,Long,2024-01-29,303502.0,151670.82,5,2.001057289727846,2.057070161706495,4,-0.02722944166969099,1,2.001214266938675,-7.844098126952304e-05,False,True
Delhi-Chennai,Long,2024-02-05,280713.0,126404.08000000002,3,2.2207590134748814,2.045867587310765,5,0.08548521284997057,1,2.059562626321188,0.07826729087700723,True,True
Delhi-Chennai,Long,2024-02-12,188995.0,92440.46,3,2.0445051874471414,2.0750161583381175,6,-0.014703967855080435,1,2.0894040876518805,-0.021488854391587542,False,True
Delhi-Chennai,Long,2024-02-19,220217.0,103181.73999999999,4,2.1342632911598507,2.0706574482108353,7,0.03071770417843589,1,1.9841412056844678,0.07566098876697414,False,True
Delhi-Chennai,Long,2024-02-26,328959.0,156167.56,4,2.1064489961935755,2.0786081785794623,8,0.013393970975876579,1,1.9726880963721798,0.06780641099187701,False,False
Delhi-Chennai,Long,2024-03-04,365685.0,178170.03999999998,5,2.0524494466072976,2.0973770063264854,8,-0.021420831630970083,1,1.9799555013074301,0.03661392655137807,False,False
Delhi-Chennai,Long,2024-03-11,299031.0,148010.98,5,2.0203298430967753,2.091701210267348,8,-0.034121205657977494,1,2.0220172183025595,-0.000834500908553415,False,False
Delhi-Chennai,Long,2024-03-18,307002.0,138731.0,4,2.2129300588909473,2.0759029502341804,8,0.06600843678232127,1,2.0619604951889414,0.07321651605559598,False,False
Delhi-Chennai,Long,2024-03-25,236863.0,115481.05,4,2.0510984269713517,2.0990928908247892,8,-0.02286438302145799,1,2.047224016451733,0.001892519083638966,False,False
Delhi-Chennai,Long,2024-04-01,378776.0,185677.96,5,2.039962093508567,2.1053480329802277,8,-0.03105706916262363,1,1.9983200630035558,0.02083851895197486,False,False
Delhi-Chennai,Long,2024-04-08,345993.0,159068.3,4,2.175122258803294,2.082748417984438,8,0.04435189580326249,1,1.967855048593877,0.10532646210782581,False,False
Delhi-Chennai,Long,2024-04-15,366192.0,167242.24,5,2.189590380994658,2.0990755519039577,8,0.04312128213231725,1,2.0731921965085833,0.056144425336974724,False,False
Delhi-Chennai,Long,2024-04-22,395713.0,193925.94,5,2.040536712107725,2.1059914381333082,8,-0.031080243176866973,1,2.0991863706756515,-0.02793923368940754,False,False
Delhi-Chennai,Long,2024-04-29,332927.0,163095.0,4,2.041307213587173,2.097752402622577,8,-0.026907460081960544,1,2.1109310196705313,-0.032982511240099655,False,False
Delhi-Chennai,Long,2024-05-06,155730.0,76399.79,3,2.038356388152376,2.0963596234950614,8,-0.027668552042603434,1,1.9642936490878076,0.03770451485141346,False,False
Delhi-Chennai,Long,2024-05-13,284855.0,132685.32,4,2.146846388130955,2.0986129416270116,8,0.02298348854484278,1,2.0495326719754328,0.04748092942657345,False,False
Delhi-Chennai,Long,2024-05-20,337228.0,153810.76,5,2.192486403421971,2.0903524827820124,8,0.048859664329927055,1,2.1206043074671426,0.03389698667578611,False,False
Delhi-Chennai,Long,2024-05-27,376445.0,180036.97,5,2.090931656981341,2.10802597983834,8,-0.008109161376801177,1,2.1087978473591034,-0.008472215769821823,False,False
Delhi-Chennai,Long,2024-06-03,315816.0,145168.93,4,2.175506838825636,2.114397175272437,8,0.0289016956075554,1,2.087029691946987,0.04239381318821045,False,False
Delhi-Chennai,Long,2024-06-10,206303.0,94437.6,3,2.1845430210001098,2.1144452477752296,8,0.03315185072710469,1,1.9726237810287692,0.10743013544165003,False,False
Delhi-Chennai,Long,2024-06-17,380586.0,173795.69,4,2.1898471705483606,2.113814327775911,8,0.035969499200267485,1,2.0960202786155504,0.04476430542684651,False,False
Delhi-Chennai,Long,2024-06-24,195902.0,93973.40000000001,3,2.08465374244201,2.1324781350809903,8,-0.02242667432421952,1,2.0925849110903694,-0.0037901299040844494,False,False
Delhi-Chennai,Long,2024-07-01,312824.0,147693.13999999998,5,2.118067230475295,2.137896451187845,8,-0.009275108109905061,1,1.96813375663559,0.07618053058345375,False,False
Delhi-Chennai,Long,2024-07-08,288650.0,135645.14,4,2.1279789309075134,2.1478603064782096,8,-0.00925636341932079,1,2.0826328483142396,0.02177344058986619,False,False
Delhi-Chennai,Long,2024-07-15,181537.0,84805.84,3,2.140619089440067,2.1455018743252796,8,-0.0022758241060722995,1,2.0253385577855028,0.05691914135116827,False,False
Delhi-Chennai,Long,2024-07-22,287614.0,147788.88,4,1.9461139430788026,2.1390184600775415,8,-0.09018366161821056,1,2.1011697274768966,-0.0737949830375133,False,False
Delhi-Chennai,Long,2024-07-29,265177.0,132932.73,4,1.9948209895335782,2.1209162458397244,8,-0.059453199320570915,1,2.061764112371173,-0.03246885637203445,False,False
Delhi-Chennai,Long,2024-08-05,233920.0,117091.19,3,1.997759182394508,2.098330514678217,8,-0.04792921400141392,1,2.029615034840363,-0.015695514616820283,False,False
Delhi-Chennai,Long,2024-08-12,201436.0,95988.45,3,2.098544147759444,2.074982534852517,8,0.011355089747105751,1,1.9964214460274388,0.05115287753255382,False,False
Delhi-Chennai,Long,2024-08-19,395576.0,191008.67,5,2.070984526513901,2.063569657003902,8,0.0035932247233974035,1,2.037560482798958,0.016403951684923257,False,False
Delhi-Chennai,Long,2024-08-26,244690.0,115276.29000000001,4,2.1226394430285707,2.0618610050128887,8,0.02947746616668856,1,1.9834228676600425,0.07019006266312222,False,False
Delhi-Chennai,Long,2024-09-02,290503.0,137664.2,5,2.110229093693204,2.062432531582048,8,0.023174848815293192,1,1.9756965289461967,0.06809373948678488,False,False
Delhi-Chennai,Long,2024-09-09,393132.0,185527.61,5,2.118994579836392,2.0602138019302596,8,0.02853139700892182,1,1.9857427660457434,0.06710426751597653,False,False
Delhi-Chennai,Long,2024-09-16,269037.0,125313.89,4,2.1469048642572663,2.0575107382298,8,0.04344770812927923,1,2.055272722660886,0.04458393311314324,False,False
Delhi-Chennai,Long,2024-09-23,264307.0,124877.9,4,2.116523420076731,2.082609603377108,8,0.016284289021153642,1,2.0392874624896247,0.037873992268267376,False,False
Delhi-Chennai,Long,2024-09-30,181707.0,87942.18,3,2.066209866528212,2.097822407195002,8,-0.015069216802321761,1,2.0620613195558053,0.0020118446202659346,False,False
Delhi-Chennai,Long,2024-10-07,240803.0,120864.68000000001,4,1.9923355607279147,2.106378742711715,8,-0.05414182154012015,1,2.130967172753701,-0.06505572389772785,False,False
Delhi-Chennai,Long,2024-10-14,380536.0,173746.71000000002,5,2.1901767233463008,2.093102669332774,8,0.04637806612920303,1,2.0392956957273545,0.07398683179446008,False,False
Delhi-Chennai,Long,2024-10-21,248827.0,114133.72,3,2.1801357215028125,2.1080016939368242,8,0.03421915066456771,1,1.9730751033874596,0.10494310011811625,False,False
Delhi-Chennai,Long,2024-10-28,299876.0,146739.68,4,2.0435917537778465,2.115188728746104,8,-0.033848977159924964,1,2.0035287548242557,0.01999621860036882,False,False
Delhi-Chennai,Long,2024-11-04,310423.0,145262.07,4,2.1369859317026116,2.1068590612566847,8,0.014299423725076865,1,2.0181251475989224,0.05889663693309832,False,False
Delhi-Chennai,Long,2024-11-11,225138.0,110254.33000000002,3,2.0419878294122324,2.109107980239962,8,-0.031823951858592325,1,2.1002104443408576,-0.027722276634472243,False,False
Delhi-Chennai,Long,2024-11-18,292751.0,147106.41,4,1.990062839545877,2.0959933508843327,8,-0.05053952642252513,1,2.061786738897805,-0.03478725418045425,False,False
Delhi-Chennai,Long,2024-11-25,292948.0,147306.96000000002,4,1.988690826285465,2.080185778317976,8,-0.043984029208436026,1,1.9508277503095366,0.01940872328165355,False,False
Delhi-Chennai,Long,2024-12-02,261839.0,133042.39,4,1.968087013469917,2.0704958982876325,8,-0.04946104211189739,1,2.058579168082445,-0.043958549671335057,False,False
Delhi-Chennai,Long,2024-12-09,365928.0,168693.28999999998,5,2.169191199009753,2.067464829880383,8,0.04920343391536974,1,2.0023254581647825,0.08333597326276343,False,False
Delhi-Chennai,Long,2024-12-16,151111.0,74215.56,3,2.036109408862508,2.064841639338314,8,-0.013914980174951075,1,2.0000362320939207,0.01803626163853078,False,False
Delhi-Chennai,Long,2024-12-23,239833.0,114783.28,3,2.0894419465971,2.0468383502582763,8,0.02081434341576016,1,2.0476720499055414,0.02039872385496766,False,False
Delhi-Chennai,Long,2024-12-30,197924.0,91177.24,3,2.170761036416544,2.0525696243606832,8,0.057582169517233384,1,1.9908577523945326,0.09036471028913562,False,False
Delhi-Chennai,Long,2025-01-06,173114.0,85746.04,3,2.0189153924776004,2.0567915124499248,8,-0.018415147934565668,1,2.0804490008578123,-0.02957708088727007,False,False
Delhi-Chennai,Long,2025-01-13,196332.0,98298.23,3,1.9973096158496446,2.0539074578330956,8,-0.027556179207393616,1,2.0268306193431203,-0.014565106334856526,False,False
Delhi-Chennai,Long,2025-01-20,226790.0,115566.66,4,1.962417188486714,2.0548133048710664,8,-0.044965698910612195,1,2.0873024422024202,-0.05983093354882163,False,False
Delhi-Chennai,Long,2025-01-27,344386.0,157878.79,5,2.181331640557924,2.051529100146223,8,0.06327111830997167,1,1.9823117378714405,0.10039788338245259,False,False
Delhi-Chennai,Long,2025-02-03,343244.0,154991.75,4,2.2145952929752712,2.0781846785322236,8,0.06563931293122205,1,2.03653826209116,0.08743122297210282,False,False
Delhi-Chennai,Long,2025-02-10,278208.0,136497.9,4,2.0381852028492746,2.0838601902779135,8,-0.021918450979452442,1,2.0062064963923048,0.015939887800421326,False,False
Delhi-Chennai,Long,2025-02-17,357413.0,161048.50999999998,5,2.2192878406636614,2.084119664526259,8,0.0648562452713708,1,1.983304462451565,0.11898494793905567,False,False
Delhi-Chennai,Long,2025-02-24,167650.0,80733.79000000001,3,2.0765778492499853,2.1003504012845795,8,-0.01131837431509275,1,2.0549150439013273,0.01054194693495969,False,False
Delhi-Chennai,Long,2025-03-03,361236.0,167863.94,5,2.1519571147918963,2.0885775028887594,8,0.030345827155312755,1,2.0225395891319593,0.06398763532509189,False,False
Delhi-Chennai,Long,2025-03-10,339952.0,160446.95,4,2.1187813168153085,2.1052077181780464,8,0.006447629143697675,1,2.0533262825921357,0.031877561193315085,False,False
Delhi-Chennai,Long,2025-03-17,359910.0,172909.0,5,2.0814995170870225,2.1203916807987544,8,-0.018341971468724627,1,2.051999401135767,0.014376279025679617,False,False
Delhi-Chennai,Long,2025-03-24,363909.0,183170.59999999998,5,1.9867216682153144,2.135276971873793,8,-0.06957191297207477,1,2.056598026162429,-0.03397667266923443,False,False
Delhi-Chennai,Long,2025-03-31,233524.0,114040.22,4,2.047733685536559,2.1109507253309667,8,-0.029947188740985897,1,2.0312871603460243,0.008096602741157088,False,False
Delhi-Chennai,Long,2025-04-07,268478.0,121555.87,3,2.2086798440914452,2.0900930244011278,8,0.056737579765999246,1,2.0305384988996322,0.08773108477792935,False,False
Delhi-Chennai,Long,2025-04-14,270747.0,136493.01,4,1.983596083052165,2.1114048545563993,8,-0.06053257442712778,1,1.991312973188688,-0.0038752773875448954,False,False
Delhi-Chennai,Long,2025-04-21,312046.0,151247.37,4,2.0631499245243075,2.081943384854962,8,-0.009026883472128544,1,2.003795781637503,0.029620854295990373,False,False
Delhi-Chennai,Long,2025-04-28,287385.0,138983.8,4,2.0677589762260062,2.080264894264252,8,-0.006011694987848593,1,1.9858355891948456,0.04125386183877211,False,False
Delhi-Chennai,Long,2025-05-05,275140.0,125137.76999999999,4,2.198696684462253,2.069740126943516,8,0.06230567588655367,1,2.1727587123493297,0.011937806055269506,False,False
Delhi-Chennai,Long,2025-05-12,257748.0,120695.86,4,2.1355164957605006,2.079729547899384,8,0.02682413581970966,1,2.277680865830098,-0.06241628149156253,False,False
Delhi-Chennai,Long,2025-05-19,209646.0,99385.89000000001,3,2.109414123071192,2.086481670233569,8,0.010990967792712913,1,2.1196842350954443,-0.004845114123231631,False,False
Delhi-Chennai,Long,2025-05-26,336879.0,159555.2,4,2.1113633400854375,2.1018182270905537,8,0.004541359891096164,1,2.1875109585085437,-0.03481016546542193,False,False
Delhi-Chennai,Long,2025-06-02,282835.0,137097.28,4,2.0630241533603,2.109771933909163,8,-0.022157741221936256,1,2.2572857095261822,-0.08605979976130662,False,False
Delhi-Chennai,Long,2025-06-09,272871.0,124094.10999999999,3,2.1989037191209158,2.0915649725677703,8,0.05131982413215108,1,2.2100045872072864,-0.005023006807600594,False,False
Delhi-Chennai,Long,2025-06-16,280644.0,136349.13999999998,4,2.0582748083339584,2.118478427076364,8,-0.028418329860215086,1,2.249744469322215,-0.08510729267219452,False,False
Delhi-Chennai,Long,2025-06-23,335839.0,164202.09,5,2.0452784736174796,2.1178690375525706,8,-0.034275284565743136,1,2.2240104743469478,-0.0803647297488338,False,False
Delhi-Chennai,Long,2025-06-30,257627.0,119623.71999999999,4,2.153644778811427,2.1150589747265047,8,0.018243370301252115,1,2.1349042302416272,0.008778168268315456,False,False
Delhi-Chennai,Long,2025-07-07,248042.0,125362.08,3,1.97860469449773,2.1094274865201514,8,-0.0620181508292732,1,2.1164719854676184,-0.06514014450298888,False,False
Delhi-Chennai,Long,2025-07-14,389253.0,179359.28999999998,5,2.1702416417906205,2.089813511362305,8,0.03848579310595346,1,2.1169412185892087,0.025178036467603304,False,False
Delhi-Chennai,Long,2025-07-21,167776.0,82271.76999999999,3,2.0392900262143385,2.0974169512022334,8,-0.02771357643246697,1,2.205660155814617,-0.07542872330612194,False,False
Delhi-Chennai,Long,2025-07-28,345705.0,167597.52,5,2.062709519806737,2.088407786968346,8,-0.01230519600720037,1,2.2308588873462982,-0.07537427333182067,False,False
Delhi-Chennai,Long,2025-08-04,353040.0,162114.24,5,2.1777235608667076,2.088368457774151,8,0.042787039212320854,1,2.1098241131442763,0.03218251573646125,False,False
Delhi-Chennai,Long,2025-08-11,298330.0,150098.37,4,1.9875632227052167,2.0857209379923747,8,-0.04706176818728225,1,2.1616477633608566,-0.0805332596763958,False,False
Delhi-Chennai,Long,2025-08-18,363312.0,180824.25,5,2.0091995404377454,2.0768819897887822,8,-0.032588490671980885,1,2.2240533427724345,-0.09660460844291585,False,False
Delhi-Chennai,Long,2025-08-25,207066.0,102689.62,4,2.016425808178081,2.0723721231413155,8,-0.02699626883536288,1,2.101999487344841,-0.040710608961590844,False,False
Delhi-Chennai,Long,2025-09-01,233971.0,109857.22999999998,3,2.1297733430926673,2.055219751812147,8,0.03627524074483235,1,2.172768431035916,-0.019788159349659606,False,False
Delhi-Chennai,Long,2025-09-08,395213.0,184041.65999999997,5,2.1474105373750705,2.0741158328865144,8,0.03533780675428955,1,2.095873103602398,0.024589959040979048,False,False
Delhi-Chennai,Long,2025-09-15,187163.0,91050.98,3,2.0555846845360697,2.0712619448345704,8,-0.007568941406758123,1,2.175696236435805,-0.0552060300920042,False,False
Delhi-Chennai,Long,2025-09-22,319960.0,161463.94,5,1.9816189298985272,2.0732987771247866,8,-0.044219312835075075,1,2.2176597534882507,-0.10643689737275741,False,False
Delhi-Chennai,Long,2025-09-29,401679.0,192680.76,5,2.084686608045349,2.0631624533862607,8,0.010432602931369273,1,2.184463149978113,-0.045675543638153626,False,False
Delhi-Chennai,Long,2025-10-06,260010.0,123358.01000000001,4,2.107767464796165,2.0515328342835906,8,0.027411031192299706,1,2.2658823796579117,-0.06978072484310405,False,False
Delhi-Chennai,Long,2025-10-13,198214.0,96519.98999999999,4,2.0536056831336182,2.0665583645449592,8,-0.006267754946370996,1,2.1430335910371303,-0.04172958757040901,False,False
Delhi-Chennai,Long,2025-10-20,295256.0,142686.87,4,2.069258369743481,2.072109132381944,8,-0.0013757782319050449,1,2.110127743744713,-0.019368198973917727,False,False
Delhi-Chennai,Long,2025-10-27,320946.0,147137.88,4,2.1812601894223294,2.0787132025776187,8,0.04933195532580048,1,2.119582543664989,0.029098959104792987,False,False
Delhi-Chennai,Long,2025-11-03,349609.0,171828.61,4,2.0346378871364905,2.085149058368826,8,-0.0242242495948225,1,2.1308219660231513,-0.04513942526422021,False,False
Delhi-Chennai,Long,2025-11-10,215222.0,97942.03,3,2.1974427117755266,2.0710524770890038,8,0.06102705560806099,1,2.1150297167901395,0.03896540759269351,False,False
Delhi-Chennai,Long,2025-11-17,274519.0,137223.38,5,2.0005264409024175,2.088784730493936,8,-0.04225341573166708,1,2.108128375345837,-0.05104145255184822,False,False
Delhi-Chennai,Long,2025-11-24,185792.0,91553.88,3,2.029318691900332,2.091148169369422,8,-0.02956723888567614,1,2.2381856325864686,-0.09331975759524824,False,False
Delhi-Chennai,Long,2025-12-01,346195.0,167106.46,5,2.0717032722732562,2.084227179851295,8,-0.006008897542029157,1,2.150177542216953,-0.03649664662704333,False,False
Delhi-Chennai,Long,2025-12-08,274433.0,138401.24,4,1.9828796331593561,2.0797191557859316,8,-0.04656374989726897,1,2.165595758910522,-0.08437222182365545,False,False
Delhi-Chennai,Long,2025-12-15,169291.0,86039.98999999999,3,1.9675850729410826,2.070878399539149,8,-0.04987899174623345,1,2.1439479941460102,-0.08226082054531247,False,False
Delhi-Chennai,Long,2025-12-22,285284.0,143320.77000000002,5,1.9905279604623947,2.058169237438849,8,-0.032864778923926585,1,2.2158531463578384,-0.10168777938457119,False,False
Delhi-Jaipur,Short,2024-01-01,61886.0,20627.81,4,3.000124589086287,,0,,1,3.3012764038642617,-0.09122284169403871,False,True
Delhi-Jaipur,Short,2024-01-08,56169.0,18396.53,5,3.053238844499479,3.000124589086287,1,0.017704016561981728,1,3.3819401535881366,-0.09719311819871068,False,True
Delhi-Jaipur,Short,2024-01-15,77069.0,25534.04,5,3.018284611444174,3.026681716792883,2,-0.0027743602183604166,1,3.4115233282114596,-0.11526777891724016,False,True
Delhi-Jaipur,Short,2024-01-22,61427.0,20540.57,5,2.9905207109637173,3.0238826816766466,3,-0.011032825749189179,1,3.378891559642258,-0.11494031158539453,False,True
Delhi-Jaipur,Short,2024-01-29,65029.0,20365.83,5,3.193044427848018,3.015542188998414,4,0.05886246244446003,1,3.279357822939943,-0.026320212600205117,False,True
Delhi-Jaipur,Short,2024-02-05,45216.0,14974.350000000002,3,3.019563453505494,3.051042636768335,5,-0.010317516669050564,1,3.290516772925383,-0.08234369800188024,False,True
Delhi-Jaipur,Short,2024-02-12,44149.0,14176.66,3,3.114203204421916,3.0457961062245285,6,0.022459513313313417,1,3.2809380923227827,-0.050819272783908076,False,True
Delhi-Jaipur,Short,2024-02-19,46469.0,15519.43,3,2.9942465670453102,3.055568548824155,7,-0.020068926878581306,1,3.3802576808143905,-0.11419576559503009,False,True
Delhi-Jaipur,Short,2024-02-26,42988.0,13885.36,3,3.095922612017261,3.0479033011017993,8,0.015754866927078393,1,3.2499259231239646,-0.04738671426660368,False,False
Delhi-Jaipur,Short,2024-03-04,71237.0,23738.65,5,3.000886739557641,3.059878053968171,8,-0.019278975622583405,1,3.40988377758577,-0.11994456840922096,False,False
Delhi-Jaipur,Short,2024-03-11,42074.0,13516.009999999998,3,3.112900922683544,3.0533340408504417,8,0.01950879957323992,1,3.3410955755219525,-0.06829934902498547,False,False
Delhi-Jaipur,Short,2024-03-18,41957.0,13624.689999999999,3,3.079482909335919,3.065161079755363,8,0.004672455772438244,1,3.414569056970697,-0.09813424243118285,False,False
Delhi-Jaipur,Short,2024-03-25,66568.0,20969.489999999998,5,3.17451688143107,3.076281354551888,8,0.031933206217898524,1,3.53351602823954,-0.10159827886427608,False,False
Delhi-Jaipur,Short,2024-04-01,36029.0,12051.29,3,2.989638453642722,3.073965411249769,8,-0.02743263060099399,1,3.3289607115279054,-0.1019303882770799,False,False
Delhi-Jaipur,Short,2024-04-08,60612.0,19392.15,4,3.1255946349424892,3.0702247862669227,8,0.01803446083923088,1,3.492738221749912,-0.10511626222691217,False,False
Delhi-Jaipur,Short,2024-04-15,40207.0,12558.9,3,3.2014746514424033,3.0716487150819947,8,0.042265880119349175,1,3.570421530096114,-0.10333426334782914,False,False
Delhi-Jaipur,Short,2024-04-22,58963.0,19279.07,4,3.0583944142533848,3.0975522256316315,8,-0.012641533871236676,1,3.325498646456372,-0.08032005440375434,False,False
Delhi-Jaipur,Short,2024-04-29,57004.0,18542.32,5,3.0742647090547464,3.0928612009111465,8,-0.006012714651055684,1,3.5158633957658165,-0.1256017760083885,False,False
Delhi-Jaipur,Short,2024-05-06,41553.0,13423.93,3,3.095442243813846,3.1020334470982847,8,-0.0021248008433321086,1,3.504023340372097,-0.11660341752029058,False,False
Delhi-Jaipur,Short,2024-05-13,40231.0,13144.820000000002,3,3.060597254279632,3.0998511122395724,8,-0.012663143015143152,1,3.302187408752174,-0.07316064310348569,False,False
Delhi-Jaipur,Short,2024-05-20,49182.0,16102.36,4,3.0543348925250706,3.0974904053575365,8,-0.013932412109436187,1,3.3428504602405065,-0.08630824834882922,False,False
Delhi-Jaipur,Short,2024-05-27,41585.0,13387.359999999999,3,3.1062883197284608,3.082467656744287,8,0.007727790081448305,1,3.4444426250684543,-0.09817388243860592,False,False
Delhi-Jaipur,Short,2024-06-03,74584.0,23744.620000000003,5,3.1410904870240075,3.097048890005004,8,0.01422050428752919,1,3.379699791437122,-0.07060073945551615,False,False
Delhi-Jaipur,Short,2024-06-10,38973.0,12859.28,3,3.0307295587311263,3.0989858715151937,8,-0.022025370754818807,1,3.5335832714791575,-0.14230702211173218,False,False
Delhi-Jaipur,Short,2024-06-17,66166.0,20843.04,5,3.174488942112091,3.0776427349262843,8,0.03146765740115276,1,3.3313720545795857,-0.04709264227987675,False,False
Delhi-Jaipur,Short,2024-06-24,56363.0,18188.809999999998,4,3.098773366701835,3.0921545509086226,8,0.002140519073106306,1,3.3499966801441166,-0.07499210818067847,False,False
Delhi-Jaipur,Short,2024-07-01,43353.0,13581.94,3,3.1919593224531986,3.0952181331145088,8,0.031255047359568744,1,3.3669010298051014,-0.05195926634114034,False,False
Delhi-Jaipur,Short,2024-07-08,70675.0,22675.23,5,3.1168371831289035,3.1072827679444277,8,0.0030748457408000807,1,3.545795292762744,-0.12097655792746376,False,False
Delhi-Jaipur,Short,2024-07-15,58047.0,18798.67,5,3.0878248301608573,3.114312759050587,8,-0.008505224407135192,1,3.4441386306349915,-0.1034551273008546,False,False
Delhi-Jaipur,Short,2024-07-22,77512.0,24787.36,5,3.12707767184565,3.11849900125506,8,0.0027508973346273002,1,3.5158347883043497,-0.11057320376711821,False,False
Delhi-Jaipur,Short,2024-07-29,58574.0,18614.78,5,3.146639390849637,3.1210976702697084,8,0.00818356978162793,1,3.38996788868999,-0.07177899786371844,False,False
Delhi-Jaipur,Short,2024-08-05,54269.0,17752.97,4,3.0568969586497357,3.121791283247912,8,-0.02078752828429342,1,3.3705491485856367,-0.09305670266446553,False,False
Delhi-Jaipur,Short,2024-08-12,40815.0,13593.42,3,3.0025556482474607,3.1250622082377384,8,-0.03920131883050115,1,3.3452025179627394,-0.10242933510762564,False,False
Delhi-Jaipur,Short,2024-08-19,65726.0,21371.63,5,3.0753854525836353,3.10357054650466,8,-0.009081505800719647,1,3.421755466927774,-0.10122582332136298,False,False
Delhi-Jaipur,Short,2024-08-26,32890.0,10588.85,3,3.1060974515646174,3.1006470572398848,8,0.0017578248101493,1,3.391552846999231,-0.08416657746824674,False,False
Delhi-Jaipur,Short,2024-09-02,66422.0,21555.86,5,3.0813894690353343,3.089914323378812,8,-0.0027589290353383644,1,3.2876122855144962,-0.0627272313672137,False,False
Delhi-Jaipur,Short,2024-09-09,38044.0,12003.660000000002,3,3.169366676497001,3.085483359117116,8,0.027186442970766,1,3.2750529451723334,-0.032270094696063234,False,False
Delhi-Jaipur,Short,2024-09-16,57204.0,18077.76,4,3.1643300939939465,3.095676089909134,8,0.022177386164076163,1,3.4298100216753795,-0.0774036830039212,False,False
Delhi-Jaipur,Short,2024-09-23,43598.0,13832.820000000002,3,3.1517796082071476,3.100332642677671,8,0.016594014726446726,1,3.4678286744773614,-0.09113745110774418,False,False
Delhi-Jaipur,Short,2024-09-30,46663.0,15473.21,4,3.0157284752161964,3.10097516984736,8,-0.027490286107437645,1,3.4222605031069495,-0.11879049754443793,False,False
Delhi-Jaipur,Short,2024-10-07,38206.0,12370.689999999999,3,3.088429182204065,3.0958291094181676,8,-0.002390289306212212,1,3.5131156626483726,-0.12088599443496739,False,False
Delhi-Jaipur,Short,2024-10-14,36357.0,11748.66,3,3.0945656781283994,3.1065633011627427,8,-0.0038620243243885355,1,3.3544936903662665,-0.07748651099996151,False,False
Delhi-Jaipur,Short,2024-10-21,65341.0,21230.66,5,3.0776716314989736,3.1089608293558384,8,-0.010064198159533522,1,3.3375193199381767,-0.07785653460846975,False,False
Delhi-Jaipur,Short,2024-10-28,52390.0,17266.420000000002,4,3.0342132300731706,3.105407601847633,8,-0.02292593466059134,1,3.492012229583466,-0.1310989107174182,False,False
Delhi-Jaipur,Short,2024-11-04,62819.0,20890.82,5,3.0070145642918757,3.0995105719773623,8,-0.029842133310252872,1,3.422777826960083,-0.12146954423783463,False,False
Delhi-Jaipur,Short,2024-11-11,84388.0,20222.59,4,4.1729570742422215,3.079216557951722,8,0.3552009076679068,1,3.447745798728505,0.21034360357459292,True,False
Delhi-Jaipur,Short,2024-11-18,36658.0,8961.6,3,4.09056418496697,3.205294930482756,8,0.2761896404805664,1,3.418110569454777,0.1967325520483254,True,False
Delhi-Jaipur,Short,2024-11-25,46000.0,15044.25,4,3.057646609169616,3.322643002577734,8,-0.07975469925674572,1,3.4319454636996314,-0.10906317087175443,False,False
Delhi-Jaipur,Short,2024-12-02,54006.0,17735.57,4,3.045067060150872,3.3278827693219113,8,-0.08498367544018559,1,3.440494705185906,-0.1149333682853807,False,False
Delhi-Jaipur,Short,2024-12-09,79110.0,24556.989999999998,5,3.2214860208844818,3.3224625040652622,8,-0.030392061026190298,1,3.4281730975980236,-0.06029073527773687,False,False
Delhi-Jaipur,Short,2024-12-16,79152.0,25725.85,5,3.0767496506432246,3.3383275469097726,8,-0.07835597094379965,1,3.5469466701503793,-0.13256388190556578,False,False
Delhi-Jaipur,Short,2024-12-23,47638.0,15304.54,4,3.112671142027137,3.338212299302804,8,-0.06756345524302687,1,3.506811493656316,-0.11239279680192782,False,False
Delhi-Jaipur,Short,2024-12-30,52127.0,16196.9,3,3.2183319030184787,3.34801953829705,8,-0.03873562677729658,1,3.4030431353329913,-0.05427825183780355,False,False
Delhi-Jaipur,Short,2025-01-06,71329.0,22504.7,5,3.1695157011646455,3.374434205637875,8,-0.060726774322895305,1,3.498004118085469,-0.09390738427735523,False,False
Delhi-Jaipur,Short,2025-01-13,56039.0,18399.45,4,3.04568886569979,3.249004034003178,8,-0.06257769032464955,1,3.5282479865729104,-0.13677018245586647,False,False
Delhi-Jaipur,Short,2025-01-20,55494.0,18119.65,4,3.062641938448038,3.1183946190947807,8,-0.01787864829722119,1,3.50416962018854,-0.12600065909958602,False,False
Delhi-Jaipur,Short,2025-01-27,44743.0,14231.52,4,3.1439368387916398,3.1190190352545835,8,0.007988987324350383,1,3.386253252752655,-0.07155885749656754,False,False
Delhi-Jaipur,Short,2025-02-03,45718.0,15162.14,3,3.0152735695620803,3.1313777575846795,8,-0.03707766900412346,1,3.3323631936996736,-0.09515458121044496,False,False
Delhi-Jaipur,Short,2025-02-10,44004.0,14720.18,4,2.989365619170418,3.105601201169379,8,-0.037427723158786064,1,3.3877438970894143,-0.11759397700081864,False,False
Delhi-Jaipur,Short,2025-02-17,57719.0,18637.89,5,3.0968634325022846,3.0946781972352784,8,0.0007061268176311586,1,3.40851105892662,-0.09143218872890402,False,False
Delhi-Jaipur,Short,2025-02-24,54432.0,17657.45,4,3.0826648241960193,3.0927022335446717,8,-0.0032455143077735338,1,3.4104008182293066,-0.09609896651486527,False,False
Delhi-Jaipur,Short,2025-03-03,47867.0,14871.920000000002,3,3.2186160226789813,3.0757438486918645,8,0.046451258952490804,1,3.5000609633958355,-0.08041143958926655,False,False
Delhi-Jaipur,Short,2025-03-10,49600.0,15582.89,4,3.1829782537128866,3.0818813888811567,8,0.03280361963197809,1,3.515234273355121,-0.09451888375141271,False,False
Delhi-Jaipur,Short,2025-03-17,52228.0,16965.32,4,3.0785154656676093,3.0990425623827935,8,-0.006623689833869628,1,3.390391171202404,-0.09198811871144297,False,False
Delhi-Jaipur,Short,2025-03-24,38731.0,12337.68,3,3.139244979607187,3.1010267532852396,8,0.012324378137485992,1,3.3467955634088744,-0.06201471821908566,False,False
Delhi-Jaipur,Short,2025-03-31,68375.0,22376.88,5,3.055609182334624,3.100440270887183,8,-0.01445958787644408,1,3.2322382107924352,-0.05464604306330134,False,False
Delhi-Jaipur,Short,2025-04-07,63722.0,19987.05,5,3.1881643364078243,3.1054822224837513,8,0.026624565204544703,1,3.526217988209544,-0.09586861984484629,False,False
Delhi-Jaipur,Short,2025-04-14,52680.0,17587.5,5,2.9953091684434967,3.130332062138427,8,-0.043133728631553514,1,3.3993524808293762,-0.1188589046485996,False,False
Delhi-Jaipur,Short,2025-04-21,43707.0,14226.640000000001,3,3.072194137196133,3.1176377791310785,8,-0.014576305893884478,1,3.293837437297759,-0.06729029720527435,False,False
Delhi-Jaipur,Short,2025-04-28,38818.0,12795.27,3,3.0337773255273235,3.116328943256093,8,-0.02649002054401728,1,3.4147811612854055,-0.11157489097036688,False,False
Delhi-Jaipur,Short,2025-05-05,41361.0,12443.94,3,3.323786517774917,3.0932241061121353,8,0.07453789436310032,1,3.614807290784945,-0.08050796338491217,True,False
Delhi-Jaipur,Short,2025-05-12,31412.0,9862.83,3,3.1848870962999465,3.110825139119889,8,0.023807817497903727,1,3.59340162865612,-0.11368462937691493,False,False
Delhi-Jaipur,Short,2025-05-19,71144.0,21405.82,5,3.3235820912256573,3.124121592948932,8,0.06384530574190928,1,3.473754965104235,-0.04323070434937015,False,False
Delhi-Jaipur,Short,2025-05-26,57402.0,17501.15,4,3.279898749510746,3.1471637319012404,8,0.042176076275929564,1,3.477622576966933,-0.05685603399453287,False,False
Delhi-Jaipur,Short,2025-06-02,51376.0,16345.119999999999,3,3.143201151169279,3.1751999277982557,8,-0.010077720255922684,1,3.571244813860265,-0.11985839252176644,False,False
Delhi-Jaipur,Short,2025-06-09,46732.0,14261.44,3,3.276807952072161,3.1695795296434373,8,0.03383048805870681,1,3.474484348038548,-0.05689373621095217,False,False
Delhi-Jaipur,Short,2025-06-16,80417.0,24423.699999999997,5,3.2925805672359227,3.2047668775970206,8,0.027400960192382584,1,3.7195322652769787,-0.11478639452244743,False,False
Delhi-Jaipur,Short,2025-06-23,45069.0,14442.09,4,3.1206702077053943,3.2323151813519937,8,-0.03454024975370784,1,3.762226915526251,-0.17052578757895498,False,False
Delhi-Jaipur,Short,2025-06-30,65746.0,19710.359999999997,4,3.3356062497082757,3.243176791624253,8,0.028499666846016236,1,3.5442901943160834,-0.0588789103506453,False,False
Delhi-Jaipur,Short,2025-07-07,70596.0,21864.48,5,3.228798489605058,3.244654258115923,8,-0.0048867359199226135,1,3.63991612194976,-0.11294700717567152,False,False
Delhi-Jaipur,Short,2025-07-14,70472.0,20773.49,5,3.392400602883771,3.2501431822790616,8,0.04376958571559175,1,3.5916689665706785,-0.05548071538373667,False,False
Delhi-Jaipur,Short,2025-07-21,69601.0,21710.65,5,3.2058459788168476,3.258745496236326,8,-0.016233092605904442,1,3.5276350809882033,-0.09121949827112286,False,False
Delhi-Jaipur,Short,2025-07-28,46539.0,13949.04,3,3.3363586311316045,3.2494888998995886,8,0.02673335220031081,1,3.563538464323174,-0.06375119434405152,False,False
Delhi-Jaipur,Short,2025-08-04,43595.0,13066.009999999998,3,3.336519717955214,3.2736335848948794,8,0.01920988755445996,1,3.7250718243169616,-0.10430727907722781,False,False
Delhi-Jaipur,Short,2025-08-11,58346.0,17304.440000000002,4,3.3717358088444347,3.281097555630261,8,0.02762437010098684,1,3.530658775963705,-0.04501227028825294,False,False
Delhi-Jaipur,Short,2025-08-18,60766.0,18537.58,4,3.2779898994367116,3.2909919608313247,8,-0.0039508031466989335,1,3.7852222039651657,-0.13400331002949017,False,False
Delhi-Jaipur,Short,2025-08-25,66759.0,20665.78,5,3.230412788677708,3.31065692229774,8,-0.024238130227139054,1,3.6318250152556755,-0.11052631249903677,False,False
Delhi-Jaipur,Short,2025-09-01,43937.0,12729.18,3,3.4516755988995365,3.2975077396689185,8,0.046752842268111605,1,3.6688614473543484,-0.059197070145951325,False,False
Delhi-Jaipur,Short,2025-09-08,76150.0,23437.72,5,3.2490361690471596,3.3253673783307285,8,-0.022954218466497922,1,3.717366853281151,-0.12598452149553574,False,False
Delhi-Jaipur,Short,2025-09-15,41073.0,12755.34,3,3.220063126502312,3.307446824101152,8,-0.02642028798833007,1,3.9808099888616932,-0.1911035353327466,False,False
Delhi-Jaipur,Short,2025-09-22,73158.0,22767.519999999997,5,3.213261699122259,3.3092239675618353,8,-0.028998420590516716,1,3.7968730320939077,-0.15370841427631243,False,False
Delhi-Jaipur,Short,2025-09-29,73783.0,21475.16,5,3.4357369165119143,3.2938368510606666,8,0.043080477834096076,1,3.820635179842627,-0.10074195656298346,False,False
Delhi-Jaipur,Short,2025-10-06,70592.0,22007.36,5,3.2076541666060807,3.3062390008802542,8,-0.0298178184480693,1,3.941933793159432,-0.18627396224349857,False,False
Delhi-Jaipur,Short,2025-10-13,47569.0,14397.190000000002,4,3.3040475259408253,3.2857287956004604,8,0.005575241135206799,1,3.865549212043615,-0.1452579323924681,False,False
Delhi-Jaipur,Short,2025-10-20,54177.0,16514.18,4,3.2806351874570825,3.2889859989134744,8,-0.0025390231089919,1,4.0953337235246625,-0.19893336930949967,False,False
Delhi-Jaipur,Short,2025-10-27,43058.0,13558.18,3,3.1757949813323028,3.2952637987608964,8,-0.03625470515395979,1,4.073233796244365,-0.22032587860277641,False,False
Delhi-Jaipur,Short,2025-11-03,71281.0,21060.510000000002,5,3.3845809052107474,3.260778721564992,8,0.03796706069841416,1,4.199374723893024,-0.19402741414010405,False,False
Delhi-Jaipur,Short,2025-11-10,72379.0,22148.92,4,3.2678342781499055,3.2777218135854405,8,-0.003016587739250287,1,3.9680310840963298,-0.17645950626565854,False,False
Delhi-Jaipur,Short,2025-11-17,54268.0,16524.63,4,3.2840674798770078,3.28369320754139,8,0.00011397908146792979,1,4.322076630701151,-0.2401644486011234,False,False
Delhi-Jaipur,Short,2025-11-24,61885.0,18320.27,5,3.3779523991731564,3.2925439301357335,8,0.025939963399031152,1,4.15642174319512,-0.18729315553612214,False,False
Delhi-Jaipur,Short,2025-12-01,31075.0,9719.25,3,3.197263163309926,3.2853208654683885,8,-0.026803379567586938,1,4.39279820396953,-0.27215796973766404,False,False
Delhi-Jaipur,Short,2025-12-08,43378.0,13585.56,3,3.1929489840683787,3.284021990056369,8,-0.027732154737011072,1,4.431940784354071,-0.2795596467939424,False,False
Delhi-Jaipur,Short,2025-12-15,77076.0,23800.870000000003,5,3.2383690176031377,3.2701346723223135,8,-0.009713867440394153,1,4.388091164267902,-0.2620096309818989,False,False
Delhi-Jaipur,Short,2025-12-22,57107.0,17686.07,4,3.2289253632943895,3.2648514010905703,8,-0.011003881458182208,1,4.485336320121254,-0.2801152170441702,False,False
Kolkata-Bhubaneswar,Medium,2024-01-01,83325.0,33230.1,4,2.507515776359385,,0,,2,2.592345434683498,-0.03272313064036925,False,True
Kolkata-Bhubaneswar,Medium,2024-01-08,82441.0,31379.37,4,2.6272356647058244,2.507515776359385,1,0.047744420782970476,2,2.6735008717399733,-0.017305102655170823,False,True
Kolkata-Bhubaneswar,Medium,2024-01-15,63906.0,25489.239999999998,3,2.507175576831636,2.5673757205326044,2,-0.023448123786291797,2,2.615342379339572,-0.04135856297914242,False,True
Kolkata-Bhubaneswar,Medium,2024-01-22,88184.0,34251.5,5,2.5746025721501247,2.5473090059656154,3,0.010714666387387606,2,2.723634934106096,-0.05471818564586162,False,True
Kolkata-Bhubaneswar,Medium,2024-01-29,45729.0,17421.96,3,2.6247907812898204,2.5541323975117427,4,0.02766433871905538,2,2.5913354797532686,0.012910447835853711,False,True
Kolkata-Bhubaneswar,Medium,2024-02-05,50031.0,18779.239999999998,3,2.664165322984317,2.568264074267358,5,0.03734088315833195,2,2.6162547152272517,0.018312669434751072,False,True
Kolkata-Bhubaneswar,Medium,2024-02-12,85987.0,31825.23,5,2.701850073039535,2.5842476157201846,6,0.045507426070151125,2,2.624653483290384,0.029412107251725272,False,True
Kolkata-Bhubaneswar,Medium,2024-02-19,59765.0,22198.9,3,2.692250516917505,2.601047966765806,7,0.03506377095578972,2,2.585857102989977,0.041144351636642096,False,True
Kolkata-Bhubaneswar,Medium,2024-02-26,47771.0,18034.9,3,2.6488086986897623,2.6124482855347684,8,0.013918137004404363,2,2.5954784887553703,0.02054735192968815,False,False
Kolkata-Bhubaneswar,Medium,2024-03-04,56204.0,22396.21,3,2.5095317466660654,2.6301099008260658,8,-0.045845291150050094,2,2.581071680670563,-0.02771714344094145,False,False
Kolkata-Bhubaneswar,Medium,2024-03-11,86030.0,32225.690000000002,5,2.6696092465359156,2.615396911071096,8,0.020728148463942997,2,2.69529367821233,-0.009529362935117969,False,False
Kolkata-Bhubaneswar,Medium,2024-03-18,47040.0,17490.829999999998,3,2.6894092504472344,2.6357011197841307,8,0.02037717033238673,2,2.560432120808575,0.050373188412403014,False,False
Kolkata-Bhubaneswar,Medium,2024-03-25,104210.0,38980.75,5,2.673370830474016,2.6500519545712695,8,0.008799403295668196,2,2.6893782058040405,-0.0059520729719153564,False,False
Kolkata-Bhubaneswar,Medium,2024-04-01,94998.0,37732.69,5,2.517657765719857,2.656124460719294,8,-0.052131101929590806,2,2.631817905714601,-0.043376914393226884,False,False
Kolkata-Bhubaneswar,Medium,2024-04-08,86889.0,34086.05,5,2.549107332765163,2.6378110160612365,8,-0.033627762851838106,2,2.673680897462614,-0.04659253271984476,False,False
Kolkata-Bhubaneswar,Medium,2024-04-15,82745.0,31612.28,5,2.617495479604761,2.61871817352694,8,-0.00046690550153094534,2,2.569426657012309,0.018707995599432925,False,False
Kolkata-Bhubaneswar,Medium,2024-04-22,63909.0,25186.14,4,2.5374670354409212,2.609373793862847,8,-0.02755709380965199,2,2.6336365417703655,-0.036515861169209796,False,False
Kolkata-Bhubaneswar,Medium,2024-04-29,60820.0,23952.33,3,2.5392101728725347,2.5954560859567417,8,-0.021670916872197243,2,2.6248543447783934,-0.03262816166399107,False,False
Kolkata-Bhubaneswar,Medium,2024-05-06,58223.0,21910.2,3,2.6573468065102097,2.5991658892325504,8,0.022384457074741793,2,2.580840842292546,0.02964381335104105,False,False
Kolkata-Bhubaneswar,Medium,2024-05-13,70756.0,27744.21,4,2.550297881972491,2.5976330842293374,8,-0.01822243585679062,2,2.706197435996081,-0.05760834444298679,False,False
Kolkata-Bhubaneswar,Medium,2024-05-20,85527.0,31344.12,4,2.7286457555675514,2.5802441631699944,8,0.057514554054929556,2,2.625922237859606,0.03911902501411291,False,False
Kolkata-Bhubaneswar,Medium,2024-05-27,51560.0,19848.87,3,2.597628983413162,2.5871535288066863,8,0.004049027044524589,2,2.6100003106266034,-0.004739971548306632,False,False
Kolkata-Bhubaneswar,Medium,2024-06-03,97336.0,37493.31999999999,5,2.596089116674651,2.5971499310183495,8,-0.00040845325525062925,2,2.6229635445619692,-0.010245825925806473,False,False
Kolkata-Bhubaneswar,Medium,2024-06-10,76854.0,31002.019999999997,4,2.478999755499803,2.6030226540070354,8,-0.04764572383429477,2,2.523640610689961,-0.017689069909979427,False,False
Kolkata-Bhubaneswar,Medium,2024-06-17,69532.0,26933.99,4,2.581570721604931,2.5857106884939154,8,-0.0016010943944373413,2,2.658032736394401,-0.02876639318340002,False,False
Kolkata-Bhubaneswar,Medium,2024-06-24,72577.0,26870.010000000002,4,2.7010410491101418,2.5912236492644167,8,0.042380517743769275,2,2.637033778795425,0.02427244991300581,False,False
Kolkata-Bhubaneswar,Medium,2024-07-01,68986.0,27222.64,5,2.534140700534555,2.6114525087941174,8,-0.029604906847516155,2,2.694568544668087,-0.059537488645809544,False,False
Kolkata-Bhubaneswar,Medium,2024-07-08,93341.0,35522.990000000005,5,2.627622280669504,2.596051745547161,8,0.01216098068017879,2,2.632333757467393,-0.0017898478050221156,False,False
Kolkata-Bhubaneswar,Medium,2024-07-15,55329.0,20626.97,3,2.682361975607663,2.6057172953842875,8,0.029414042866101386,2,2.6669185544700493,0.005790735945696124,False,False
Kolkata-Bhubaneswar,Medium,2024-07-22,76594.0,28887.2,5,2.6514857791686284,2.5999318228893014,8,0.019828964677248706,2,2.5897561563495324,0.02383607532614529,False,False
Kolkata-Bhubaneswar,Medium,2024-07-29,59227.0,22910.08,3,2.5851939408330304,2.6066639223587345,8,-0.00823657447419468,2,2.606002148241459,-0.007984723812476502,False,False
Kolkata-Bhubaneswar,Medium,2024-08-05,84271.0,31404.06,4,2.683442841466995,2.605302025378532,8,0.029992997098718277,2,2.5661160380410775,0.04572155026764979,False,False
Kolkata-Bhubaneswar,Medium,2024-08-12,64818.0,25327.59,4,2.5591854574398907,2.630857411124431,8,-0.027242811937081668,2,2.6178307970252592,-0.022402265131883037,False,False
Kolkata-Bhubaneswar,Medium,2024-08-19,93170.0,35400.67,5,2.6318710917053267,2.628059253103801,8,0.0014504386067490938,2,2.711973750199289,-0.029536664389939515,False,False
Kolkata-Bhubaneswar,Medium,2024-08-26,80823.0,32103.260000000002,5,2.517594786323881,2.6194130084281992,8,-0.038870625509115575,2,2.6245850589595356,-0.040764642879613455,False,False
Kolkata-Bhubaneswar,Medium,2024-09-02,92183.0,36192.13,5,2.547045448831003,2.6173447691518645,8,-0.026859021841299846,2,2.533804779767956,0.005225607421996958,False,False
Kolkata-Bhubaneswar,Medium,2024-09-09,87602.0,33983.57,5,2.57777508366543,2.607272665172052,8,-0.011313577555830956,2,2.6085449151506848,-0.01179578365951861,False,False
Kolkata-Bhubaneswar,Medium,2024-09-16,75317.0,27954.26,5,2.694294179134057,2.5941993036792734,8,0.03858411160346176,2,2.6244643669624654,0.026607262438244517,False,False
Kolkata-Bhubaneswar,Medium,2024-09-23,91003.0,33480.4,5,2.718097752715021,2.599550353674952,8,0.0456030401074865,2,2.5565632297014758,0.06318424717092075,False,False
Kolkata-Bhubaneswar,Medium,2024-09-30,47311.0,17519.72,3,2.700442701139059,2.6161633301602003,8,0.03221487359265818,2,2.5612022392606786,0.05436527414507264,False,False
Kolkata-Bhubaneswar,Medium,2024-10-07,96696.0,35805.24,5,2.700610301732372,2.6182883126192085,8,0.03144114753001093,2,2.601403141164842,0.03813601936496003,False,False
Kolkata-Bhubaneswar,Medium,2024-10-14,91384.0,34861.26,5,2.6213625095593214,2.635966418155769,8,-0.005540248349091281,2,2.5502417011534333,0.027887869755137906,False,False
Kolkata-Bhubaneswar,Medium,2024-10-21,63216.0,23647.63,4,2.673248862571006,2.634652845387518,8,0.014649374869655896,2,2.6384261667952167,0.013198283209147732,False,False
Kolkata-Bhubaneswar,Medium,2024-10-28,63004.0,24928.21,4,2.5274177327613976,2.6541096049184087,8,-0.047734227675539365,2,2.6362150100783657,-0.041270259406395615,False,False
Kolkata-Bhubaneswar,Medium,2024-11-04,69520.0,27139.9,4,2.561542231179923,2.6516561404097083,8,-0.03398401016500652,2,2.6256591640491163,-0.024419366286032473,False,False
Kolkata-Bhubaneswar,Medium,2024-11-11,70773.0,27155.69,4,2.6061941346362403,2.6496270338490193,8,-0.016392080341090742,2,2.6670445946999726,-0.022815689015720286,False,False
Kolkata-Bhubaneswar,Medium,2024-11-18,45831.0,17996.72,3,2.5466307193755306,2.6386145282867925,8,-0.03486064672394018,2,2.681893884073733,-0.05043568856376257,False,False
Kolkata-Bhubaneswar,Medium,2024-11-25,57386.0,21528.09,4,2.6656335977785304,2.6171811491193564,8,0.018513219337330744,2,2.677635359837737,-0.004482224218884667,False,False
Kolkata-Bhubaneswar,Medium,2024-12-02,80524.0,31413.51,4,2.563355702689703,2.61283001119929,8,-0.018935142469095556,2,2.6147647711161657,-0.019661068174984586,False,False
Kolkata-Bhubaneswar,Medium,2024-12-09,81148.0,32369.010000000002,5,2.5069657675659527,2.5956731863189564,8,-0.03417511080383884,2,2.567972510476599,-0.023756774132805525,False,False
Kolkata-Bhubaneswar,Medium,2024-12-16,65813.0,25453.02,4,2.5856656695354814,2.5813735935697855,8,0.0016627101076680528,2,2.57049248599306,0.00590283131543945,False,False
Kolkata-Bhubaneswar,Medium,2024-12-23,96967.0,35929.549999999996,5,2.6988091974433304,2.570425694440345,8,0.04994639731491568,2,2.6930065651881074,0.0021547040880747215,False,False
Kolkata-Bhubaneswar,Medium,2024-12-30,47512.0,18088.730000000003,3,2.6266078381401012,2.5918496275255865,8,0.01341058148026053,2,2.6419227485087298,-0.005796880464151832,False,False
Kolkata-Bhubaneswar,Medium,2025-01-06,65122.0,25921.84,4,2.5122445011619545,2.599982828395609,8,-0.03374573334693742,2,2.616529592790459,-0.039856263011834314,False,False
Kolkata-Bhubaneswar,Medium,2025-01-13,101777.0,38334.5,5,2.654971370436552,2.588239124211323,8,0.02578287516056421,2,2.5853036072473374,0.0269476138098117,False,False
Kolkata-Bhubaneswar,Medium,2025-01-20,58268.0,22630.6,3,2.574743930783983,2.6017817055939507,8,-0.010392022801849699,2,3.0439632188951338,-0.1541474894303957,False,False
Kolkata-Bhubaneswar,Medium,2025-01-27,83406.0,32426.0,5,2.572195152038488,2.590420497219632,8,-0.007035670541020611,2,2.5994979281128927,-0.010503095916766236,False,False
Kolkata-Bhubaneswar,Medium,2025-02-03,90566.0,35618.38,5,2.5426760004245,2.5915254283882305,8,-0.018849681129353923,2,2.5885991321963617,-0.017740534330202395,False,False
Kolkata-Bhubaneswar,Medium,2025-02-10,103305.0,39205.38,5,2.634969996464771,2.5959892074955486,8,0.015015774663727832,2,2.581255842863385,0.020809310223895094,False,False
Kolkata-Bhubaneswar,Medium,2025-02-17,73837.0,27908.54,5,2.645677631291354,2.60215224836171,8,0.01672668574909375,2,2.6754203625601516,-0.01111703105987294,False,False
Kolkata-Bhubaneswar,Medium,2025-02-24,83115.0,31204.79,5,2.6635333870216718,2.5955108025927127,8,0.026207783208226143,2,3.043390099849201,-0.12481367828802192,False,False
Kolkata-Bhubaneswar,Medium,2025-03-03,63612.0,23761.98,3,2.677049639802744,2.6001264962029094,8,0.02958438511055861,2,3.033523169286595,-0.11751139173520286,False,False
Kolkata-Bhubaneswar,Medium,2025-03-10,98032.0,36304.770000000004,5,2.7002512342042104,2.6207271385330078,8,0.030344286706519785,2,3.104374287330059,-0.13017858535138738,False,False
Kolkata-Bhubaneswar,Medium,2025-03-17,58084.0,22871.5,4,2.539579826421529,2.6263871215039654,8,-0.03305198017904065,2,3.0639546737948793,-0.17114314772936345,False,False
Kolkata-Bhubaneswar,Medium,2025-03-24,108459.0,41610.16,5,2.606550900068637,2.6219916084586585,8,-0.005888923648805444,2,2.572708298929456,0.013154464947799704,False,False
Kolkata-Bhubaneswar,Medium,2025-03-31,82265.0,31091.78,4,2.645876176918787,2.626286076962427,8,0.007459240685240953,2,2.699088470711774,-0.019714912782741956,False,False
Kolkata-Bhubaneswar,Medium,2025-04-07,56800.0,22001.67,4,2.5816222132229054,2.639186099024213,8,-0.0218112265075171,2,2.6172670455559257,-0.013619104093158807,False,False
Kolkata-Bhubaneswar,Medium,2025-04-14,74680.0,29040.28,5,2.5716005493059986,2.6325176261189798,8,-0.023140235115078345,2,2.5728502425717066,-0.0004857232826963598,False,False
Kolkata-Bhubaneswar,Medium,2025-04-21,74681.0,28766.35,4,2.5961235957985633,2.6232579908708105,8,-0.010343776771738589,2,2.59153596623709,0.0017702357294060445,False,False
Kolkata-Bhubaneswar,Medium,2025-04-28,88668.0,34387.89,5,2.578465849460377,2.6148317669679217,8,-0.013907555341395206,2,2.6723802364977667,-0.035142599003975206,False,False
Kolkata-Bhubaneswar,Medium,2025-05-05,57125.0,20892.02,3,2.7342975930522755,2.602508793175126,8,0.050639137213582375,2,2.7723561573027506,-0.013727876972164599,False,False
Kolkata-Bhubaneswar,Medium,2025-05-12,68972.0,26253.25,4,2.6271794920628873,2.606764588031134,8,0.007831510419271215,2,2.7808387230768985,-0.05525643387330026,False,False
Kolkata-Bhubaneswar,Medium,2025-05-19,50729.0,18343.739999999998,3,2.7654665842407278,2.617714546236304,8,0.056443143587546096,2,2.7269099355846866,0.014139318703891846,False,False
Kolkata-Bhubaneswar,Medium,2025-05-26,56038.0,19757.97,3,2.8362225471543887,2.6375790067578153,8,0.07531283039773329,2,2.6999886931450323,0.05045719426723494,True,False
Kolkata-Bhubaneswar,Medium,2025-06-02,101421.0,37527.93,5,2.702547142887977,2.6613723030372656,8,0.015471281415125882,2,2.7800099923533206,-0.027864234185636882,False,False
Kolkata-Bhubaneswar,Medium,2025-06-09,78482.0,29301.18,4,2.6784586832339174,2.676487919245399,8,0.0007363246343641272,2,2.796989487382365,-0.042377994155200716,False,False
Kolkata-Bhubaneswar,Medium,2025-06-16,75436.0,28193.54,4,2.6756483932134807,2.689845185986389,8,-0.005277921884453085,2,2.876846905150482,-0.06993716334949607,False,False
Kolkata-Bhubaneswar,Medium,2025-06-23,54607.0,20006.18,3,2.729506582466018,2.699785785663254,8,0.011008575925020025,2,2.800820677380096,-0.025461856765776836,False,False
Kolkata-Bhubaneswar,Medium,2025-06-30,86557.0,31369.15,5,2.759303328269972,2.718665877288959,8,0.014947570909867203,2,2.731783514951452,0.010073936374496828,False,False
Kolkata-Bhubaneswar,Medium,2025-07-07,75585.0,26501.82,4,2.852068273046908,2.7217915941911714,8,0.04786431082150888,2,2.800691526696728,0.018344307418523886,False,False
Kolkata-Bhubaneswar,Medium,2025-07-14,78982.0,29022.17,4,2.7214367499053314,2.7499026918141736,8,-0.010351617893090803,2,2.7460057088679264,-0.008947162375974815,False,False
Kolkata-Bhubaneswar,Medium,2025-07-21,113227.0,41514.119999999995,5,2.7274334611934448,2.744398962522249,8,-0.006181864065861631,2,2.8687195328144885,-0.049250569811691736,False,False
Kolkata-Bhubaneswar,Medium,2025-07-28,92694.0,34101.05,5,2.7182154215192784,2.730800326777131,8,-0.004608504376702349,2,2.7243102797980736,-0.0022372114967929013,False,False
Kolkata-Bhubaneswar,Medium,2025-08-04,88226.0,32945.96,5,2.677900416318116,2.732758861606044,8,-0.020074381994936608,2,2.796439815995216,-0.04238939776177997,False,False
Kolkata-Bhubaneswar,Medium,2025-08-11,74266.0,26919.73,4,2.7587943861249724,2.7326890782415685,8,0.009552974061799224,2,2.7321673043419494,0.009745772793894103,False,False
Kolkata-Bhubaneswar,Medium,2025-08-18,95222.0,33447.91,5,2.846874438492569,2.743082327355505,8,0.03783776742753675,2,2.7342215066394195,0.04120109931825122,False,False
Kolkata-Bhubaneswar,Medium,2025-08-25,103514.0,36544.32,5,2.8325605730247547,2.757753309358824,8,0.02712616223215525,2,2.736684833641428,0.03503353334835957,False,False
Kolkata-Bhubaneswar,Medium,2025-09-01,77294.0,29215.67,4,2.645635030789984,2.7669104649531717,8,-0.043830631926588315,2,2.8046733835031796,-0.05670476770972488,False,False
Kolkata-Bhubaneswar,Medium,2025-09-08,59793.0,21716.42,3,2.753354374247689,2.741106309671056,8,0.004468292431205612,2,2.698127782494523,0.020468486374691786,False,False
Kolkata-Bhubaneswar,Medium,2025-09-15,95578.0,34238.29,5,2.7915529659921683,2.7450960127138515,8,0.01692361690197819,2,2.887920460273383,-0.033369164977657295,False,False
Kolkata-Bhubaneswar,Medium,2025-09-22,95847.0,35792.83,5,2.677826816152844,2.7531109508136917,8,-0.02734511467421874,2,2.7806927678961983,-0.03699292238645269,False,False
Kolkata-Bhubaneswar,Medium,2025-09-29,89733.0,31624.85,4,2.8374205727457995,2.7480623751428874,8,0.03251680107816535,2,2.8020036448540617,0.012639857894825246,False,False
Kolkata-Bhubaneswar,Medium,2025-10-06,80925.0,28109.82,4,2.878887164699027,2.7680023946963477,8,0.04005949207816473,2,2.7612623454309544,0.0425982049343141,False,False
Kolkata-Bhubaneswar,Medium,2025-10-13,95333.0,35560.71000000001,4,2.6808519852387644,2.7830139920181045,8,-0.03670912437822749,2,2.7953691857892258,-0.040966753562510005,False,False
Kolkata-Bhubaneswar,Medium,2025-10-20,97216.0,36191.82,5,2.6861318386309394,2.7622611853613788,8,-0.027560517134978868,2,2.7996648718871087,-0.04055236553353703,False,False
Kolkata-Bhubaneswar,Medium,2025-10-27,94207.0,34285.68,4,2.747706914373581,2.743957593562152,8,0.0013663916746473603,2,2.7397841539545578,0.0028917462010966677,False,False
Kolkata-Bhubaneswar,Medium,2025-11-03,105184.0,37270.74,5,2.8221602254207996,2.7567165790101016,8,0.023739707922458164,2,2.8050901851693575,0.006085380192655476,False,False
Kolkata-Bhubaneswar,Medium,2025-11-10,77427.0,28348.730000000003,4,2.7312334626630537,2.765317310406741,8,-0.012325474409543902,2,2.754394613601428,-0.008408799096542907,False,False
Kolkata-Bhubaneswar,Medium,2025-11-17,61910.0,22499.51,3,2.751615479626001,2.757777372490601,8,-0.0022343692156104877,2,2.7795578566583314,-0.010052813603212307,False,False
Kolkata-Bhubaneswar,Medium,2025-11-24,64921.0,23835.64,3,2.72369443404918,2.7670009554247454,8,-0.015651068457588457,2,2.7515135359811973,-0.010110472497492862,False,False
Kolkata-Bhubaneswar,Medium,2025-12-01,77689.0,28616.57,4,2.7148257111177196,2.7527851880876684,8,-0.013789480245030905,2,2.8338881171221577,-0.04201379909286862,False,False
Kolkata-Bhubaneswar,Medium,2025-12-08,61479.0,21806.57,3,2.8192879485402793,2.732277506390005,8,0.031845389769810106,2,2.8428028484096104,-0.008271730796416743,False,False
Kolkata-Bhubaneswar,Medium,2025-12-15,49063.0,17990.71,3,2.72712972417431,2.749582001802694,8,-0.008165705774064502,2,2.835619518903157,-0.038259644499418655,False,False
Kolkata-Bhubaneswar,Medium,2025-12-22,92134.0,32472.12,5,2.8373262971435187,2.754706737495616,8,0.02999214345517398,2,2.7795510337758267,0.020785825719921602,False,False
Mumbai-Delhi,Long,2024-01-01,167434.0,81580.32,4,2.052382241207193,,0,,1,1.956298374217392,0.0491151392119511,False,True
Mumbai-Delhi,Long,2024-01-08,220168.0,104698.49,4,2.1028765553352295,2.052382241207193,1,0.02460278261730431,1,2.0978558150803943,0.0023932723205968287,False,True
Mumbai-Delhi,Long,2024-01-15,177076.0,86367.3,5,2.0502667097385237,2.0776293982712115,2,-0.013170148899248502,1,2.146715923362117,-0.04492872697964512,False,True
Mumbai-Delhi,Long,2024-01-22,175807.0,85005.87,4,2.068174821338809,2.0685085020936484,3,-0.000161314664407608,1,2.027410534166075,0.020106577570635498,False,True
Mumbai-Delhi,Long,2024-01-29,163457.0,81678.91,4,2.0012142669386748,2.068425081904939,4,-0.03249371493037856,1,2.0010572897278465,7.84471347392568e-05,False,True
Mumbai-Delhi,Long,2024-02-05,154533.0,75031.95,3,2.0595626263211875,2.054982918911686,5,0.0022285866064164495,1,2.220759013474882,-0.0725861681414347,False,True
Mumbai-Delhi,Long,2024-02-12,169112.0,80937.91,4,2.08940408765188,2.055746203479936,6,0.016372587294564145,1,2.044505187447142,0.021960766096563944,False,True
Mumbai-Delhi,Long,2024-02-19,147821.0,74501.25,3,1.9841412056844683,2.0605544726473566,7,-0.03708383737349785,1,2.1342632911598503,-0.07033906552073022,False,True
Mumbai-Delhi,Long,2024-02-26,108426.0,54963.58,3,1.9726880963721796,2.0510028142769956,8,-0.03818362284033383,1,2.106448996193576,-0.06350065919616699,False,False
Mumbai-Delhi,Long,2024-03-04,167567.0,84631.7,5,1.9799555013074297,2.041041046172619,8,-0.029928621464883065,1,2.052449446607298,-0.035320697140531765,False,False
Mumbai-Delhi,Long,2024-03-11,242107.0,119735.38,5,2.02201721830256,2.025675914419144,8,-0.0018061606452152157,1,2.020329843096775,0.0008351978819451933,False,False
Mumbai-Delhi,Long,2024-03-18,180279.0,87430.87,5,2.061960495188942,2.0221447279896485,8,0.01968987018989332,1,2.212930058890947,-0.06822157035440435,False,False
Mumbai-Delhi,Long,2024-03-25,174542.0,85257.89,5,2.0472240164517324,2.0213679372209152,8,0.012791376945636923,1,2.051098426971352,-0.0018889442206538876,False,False
Mumbai-Delhi,Long,2024-04-01,118167.0,59133.17,3,1.9983200630035562,2.0271191559100474,8,-0.014206906793085006,1,2.0399620935085667,-0.020413139360540566,False,False
Mumbai-Delhi,Long,2024-04-08,187559.0,95311.39000000001,5,1.967855048593877,2.019463835495343,8,-0.025555687601014787,1,2.175122258803294,-0.09528991272584875,False,False
Mumbai-Delhi,Long,2024-04-15,254303.0,122662.52999999998,5,2.0731921965085838,2.004270205613093,8,0.03438757444104579,1,2.1895903809946575,-0.053159798972627015,False,False
Mumbai-Delhi,Long,2024-04-22,133083.0,63397.42,3,2.099186370675652,2.0154015794661073,8,0.04157225639951112,1,2.0405367121077247,0.028742270707468265,False,False
Mumbai-Delhi,Long,2024-04-29,170573.0,80804.63,4,2.1109310196705313,2.0312138637540413,8,0.03924606726007607,1,2.041307213587173,0.03410746095439943,False,False
Mumbai-Delhi,Long,2024-05-06,195391.0,99471.38,5,1.9642936490878078,2.0475858035494294,8,-0.04067822423716616,1,2.0383563881523754,-0.03633453869747494,False,False
Mumbai-Delhi,Long,2024-05-13,206522.0,100765.41,4,2.0495326719754328,2.0403703573975855,8,0.004490515432469477,1,2.146846388130955,-0.04532868149930536,False,False
Mumbai-Delhi,Long,2024-05-20,159961.0,75431.8,3,2.1206043074671426,2.0388168794958967,8,0.04011514167543484,1,2.192486403421971,-0.03278565187115279,False,False
Mumbai-Delhi,Long,2024-05-27,159688.0,75724.66,4,2.1087978473591034,2.0479894158728227,8,0.029691770384645766,1,2.090931656981341,0.008544607528471415,False,False
Mumbai-Delhi,Long,2024-06-03,217072.0,104010.02,5,2.0870296919469875,2.0617991389172663,8,0.012237153733108519,1,2.1755068388256356,-0.04066967076343875,False,False
Mumbai-Delhi,Long,2024-06-10,114709.0,58150.47,3,1.972623781028769,2.076695969336405,8,-0.05011431131196897,1,2.1845430210001098,-0.09700849923034316,False,False
Mumbai-Delhi,Long,2024-06-17,214065.0,102129.26,4,2.096020278615551,2.0641249174014282,8,0.015452243682168465,1,2.18984717054836,-0.042846319686005385,False,False
Mumbai-Delhi,Long,2024-06-24,270199.0,129122.12,5,2.0925849110903694,2.0637291558939155,8,0.013982336351668678,1,2.08465374244201,0.0038045496414520485,False,False
Mumbai-Delhi,Long,2024-07-01,250303.0,127177.84000000001,5,1.9681337566355899,2.0614358923213953,8,-0.04526075054448453,1,2.1180672304752957,-0.07078787286938981,False,False
Mumbai-Delhi,Long,2024-07-08,164699.0,79082.11,3,2.0826328483142396,2.0619159057648684,8,0.01004742360803812,1,2.1279789309075134,-0.021309460321552787,False,False
Mumbai-Delhi,Long,2024-07-15,229901.0,113512.38,5,2.025338557785503,2.066053427807219,8,-0.01970659106571515,1,2.1406190894400665,-0.053853827718932434,False,False
Mumbai-Delhi,Long,2024-07-22,210130.0,100006.2,4,2.1011697274768966,2.054145209097014,8,0.022892499601113503,1,1.9461139430788026,0.0796745663066325,False,False
Mumbai-Delhi,Long,2024-07-29,227741.0,110459.29000000001,5,2.061764112371173,2.0531916941117383,8,0.0041751670260594675,1,1.9948209895335784,0.03355846122977035,False,False
Mumbai-Delhi,Long,2024-08-05,230476.0,113556.51,5,2.0296150348403628,2.0500334966647613,8,-0.009960062534401404,1,1.9977591823945082,0.01594579202868296,False,False
Mumbai-Delhi,Long,2024-08-12,198250.0,99302.68,5,1.9964214460274388,2.057157403391211,8,-0.0295242149500321,1,2.098544147759444,-0.048663594635852125,False,False
Mumbai-Delhi,Long,2024-08-19,191602.0,94035.0,5,2.0375604827989577,2.0447075493176965,8,-0.003495397921880694,1,2.0709845265139015,-0.016139204946744146,False,False
Mumbai-Delhi,Long,2024-08-26,179946.0,90724.98000000001,5,1.9834228676600423,2.03782949578127,8,-0.026698322030307642,1,2.1226394430285707,-0.0655865393558761,False,False
Mumbai-Delhi,Long,2024-09-02,197426.0,99927.29000000001,5,1.9756965289461965,2.039740634659327,8,-0.03139816142547314,1,2.1102290936932047,-0.06375258740820255,False,False
Mumbai-Delhi,Long,2024-09-09,218722.0,110146.19,5,1.9857427660457434,2.0263735947383212,8,-0.02005100579581165,1,2.118994579836392,-0.06288445239956064,False,False
Mumbai-Delhi,Long,2024-09-16,194466.0,94618.1,4,2.0552727226608862,2.0214241207708517,8,0.016744928262321768,1,2.146904864257266,-0.04268104428934738,False,False
Mumbai-Delhi,Long,2024-09-23,129357.0,63432.450000000004,4,2.0392874624896247,2.01568699516885,8,0.011708398862194214,1,2.116523420076731,-0.03649189839076117,False,False
Mumbai-Delhi,Long,2024-09-30,196820.0,95448.18000000001,5,2.062061319555805,2.0128774139336567,8,0.024434625418162215,1,2.0662098665282125,-0.002007805228119608,False,False
Mumbai-Delhi,Long,2024-10-07,249248.0,116964.73,5,2.130967172753701,2.016933199523087,8,0.056538299462559394,1,1.9923355607279145,0.069582461287363,False,False
Mumbai-Delhi,Long,2024-10-14,118645.0,58179.399999999994,3,2.039295695727354,2.0337514153638696,8,0.0027261347289548876,1,2.190176723346301,-0.06888988729111356,False,False
Mumbai-Delhi,Long,2024-10-21,196382.0,99530.93,5,1.9730751033874596,2.033968316979919,8,-0.029938132803796536,1,2.1801357215028125,-0.09497602193895605,False,False
Mumbai-Delhi,Long,2024-10-28,146031.0,72886.9,4,2.0035287548242553,2.0326748464458464,8,-0.014338786979409601,1,2.043591753777847,-0.019604208560506264,False,False
Mumbai-Delhi,Long,2024-11-04,198259.0,98239.2,4,2.018125147598922,2.0361538746806036,8,-0.008854304827286108,1,2.136985931702612,-0.0556207611572761,False,False
Mumbai-Delhi,Long,2024-11-11,162243.0,77250.82999999999,4,2.100210444340857,2.040201672374751,8,0.029413156933773665,1,2.041987829412233,0.02851271397899713,False,False
Mumbai-Delhi,Long,2024-11-18,219243.0,106336.41,4,2.0617867388978053,2.045818887584747,8,0.0078051148173283735,1,1.9900628395458768,0.036041022387160115,False,False
Mumbai-Delhi,Long,2024-11-25,169283.0,86774.95999999999,4,1.9508277503095366,2.0486312971357696,8,-0.04774092193308477,1,1.988690826285465,-0.019039196779848444,False,False
Mumbai-Delhi,Long,2024-12-02,210955.0,102476.02,5,2.058579168082445,2.0347271009799863,8,0.011722489512706824,1,1.9680870134699173,0.045979752924125705,False,False
Mumbai-Delhi,Long,2024-12-09,138680.0,69259.47,3,2.0023254581647825,2.0256786003960796,8,-0.011528552568374373,1,2.169191199009753,-0.07692532632492044,False,False
Mumbai-Delhi,Long,2024-12-16,162290.0,81143.53,4,2.0000362320939207,2.021057320700758,8,-0.010401035335083186,1,2.036109408862508,-0.01771671827239385,False,False
Mumbai-Delhi,Long,2024-12-23,232593.0,113588.98999999999,5,2.047672049905541,2.0244274617890654,8,0.011482055324389506,1,2.0894419465971006,-0.01999093430644805,False,False
Mumbai-Delhi,Long,2024-12-30,202839.0,101885.23,4,1.9908577523945326,2.0299453736742263,8,-0.019255504008437785,1,2.170761036416544,-0.082875674016608,False,False
Mumbai-Delhi,Long,2025-01-06,257712.0,123873.26000000001,5,2.0804490008578123,2.0265369492736776,8,0.026603043977785346,1,2.0189153924776004,0.030478547347493334,False,False
Mumbai-Delhi,Long,2025-01-13,175083.0,86382.65000000001,4,2.0268306193431203,2.024066768838297,8,0.0013654937413005719,1,1.9973096158496446,0.014780384202434993,False,False
Mumbai-Delhi,Long,2025-01-20,128667.0,61642.72,3,2.0873024422024207,2.0196972538939613,8,0.033472931736732825,1,1.9624171884867136,0.06363848342156553,False,False
Mumbai-Delhi,Long,2025-01-27,220864.0,111417.39,5,1.98231173787144,2.036756590380572,8,-0.026731153229733184,1,2.1813316405579246,-0.09123780125225744,False,False
Mumbai-Delhi,Long,2025-02-03,174960.0,85910.49,4,2.03653826209116,2.027223161604196,8,0.004595004962153704,1,2.2145952929752712,-0.08040161172965132,False,False
Mumbai-Delhi,Long,2025-02-10,127862.0,63733.22,3,2.006206496392305,2.0314997620949935,8,-0.012450538353302343,1,2.038185202849274,-0.015689794240613897,False,False
Mumbai-Delhi,Long,2025-02-17,210037.0,105902.55,5,1.983304462451565,2.0322710451322914,8,-0.024094513769711723,1,2.2192878406636614,-0.10633292982019282,False,False
Mumbai-Delhi,Long,2025-02-24,155785.0,75810.92,4,2.0549150439013273,2.0242250967005444,8,0.01516133124266017,1,2.0765778492499853,-0.010431973622603286,False,False
Mumbai-Delhi,Long,2025-03-03,218659.0,108111.11,5,2.022539589131959,2.032232258138894,8,-0.004769469123480752,1,2.1519571147918968,-0.06013945388147435,False,False
Mumbai-Delhi,Long,2025-03-10,182887.0,89068.65,4,2.0533262825921357,2.0249935816731623,8,0.013991501590618904,1,2.1187813168153085,-0.03089277487190456,False,False
Mumbai-Delhi,Long,2025-03-17,207645.0,101191.55,5,2.0519994011357667,2.0283055395792893,8,0.011681603729875922,1,2.081499517087023,-0.014172530768847058,False,False
Mumbai-Delhi,Long,2025-03-24,143807.0,69924.7,3,2.0565980261624293,2.0238926594459574,8,0.01615963502996487,1,1.986721668215314,0.03517168965589712,False,False
Mumbai-Delhi,Long,2025-03-31,113169.0,55712.95,3,2.031287160346024,2.033178445482331,8,-0.0009302110891985516,1,2.0477336855365595,-0.008031574274867781,False,False
Mumbai-Delhi,Long,2025-04-07,153891.0,75788.26999999999,3,2.0305384988996322,2.032522057764189,8,-0.0009759101294767314,1,2.2086798440914452,-0.08065512331647717,False,False
Mumbai-Delhi,Long,2025-04-14,245201.0,123135.34,5,1.9913129731886883,2.035563558077605,8,-0.021738738991135653,1,1.9835960830521648,0.0038903535868297645,False,False
Mumbai-Delhi,Long,2025-04-21,138859.0,69297.98,4,2.0037957816375025,2.0365646219197453,8,-0.01609025312997614,1,2.063149924524308,-0.028768700801271363,False,False
Mumbai-Delhi,Long,2025-04-28,174901.0,88074.26,4,1.9858355891948454,2.030174714136767,8,-0.02184005378117171,1,2.0677589762260062,-0.039619408244903065,False,False
Mumbai-Delhi,Long,2025-05-05,171409.0,78890.03,3,2.1727587123493297,2.025586714144628,8,0.07265647882512405,1,2.198696684462253,-0.011796976043226826,True,False
Mumbai-Delhi,Long,2025-05-12,170002.0,74638.2,3,2.277680865830098,2.040515767864277,8,0.11622801533851979,1,2.1355164957605006,0.06657142211349187,True,False
Mumbai-Delhi,Long,2025-05-19,144850.0,68335.65,3,2.1196842350954443,2.0687259509510687,8,0.024632689564777044,1,2.109414123071192,0.004868703547551645,False,False
Mumbai-Delhi,Long,2025-05-26,252641.0,115492.45,5,2.1875109585085433,2.0766117270676956,8,0.05340393198946458,1,2.111363340085438,0.03606561550889853,False,False
Mumbai-Delhi,Long,2025-06-02,174801.0,77438.58,4,2.257285709526182,2.0961397018380103,8,0.07687751324344938,1,2.0630241533603004,0.094163490936092,True,False
Mumbai-Delhi,Long,2025-06-09,197528.0,89379.0,3,2.210004587207286,2.1244831031663294,8,0.040255196152652495,1,2.198903719120916,0.00504836477824866,False,False
Mumbai-Delhi,Long,2025-06-16,251250.0,111679.35,4,2.2497444693222155,2.151819554918654,8,0.04550795822062481,1,2.058274808333958,0.09302434262567694,False,False
Mumbai-Delhi,Long,2025-06-23,212669.0,95624.1,4,2.2240104743469478,2.182563140879243,8,0.018990210496731663,1,2.0452784736174796,0.08738761153308627,False,False
Mumbai-Delhi,Long,2025-06-30,262986.0,123183.98000000001,5,2.1349042302416272,2.2123350015232557,8,-0.03499956888460165,1,2.153644778811427,-0.008701782556797655,False,False
Mumbai-Delhi,Long,2025-07-07,128220.0,60581.95,3,2.116471985467619,2.207603191259793,8,-0.04128060973682923,1,1.9786046944977298,0.06967904774171507,False,False
Mumbai-Delhi,Long,2025-07-14,299558.0,141505.11,5,2.1169412185892087,2.187452081214483,8,-0.03223424331477309,1,2.1702416417906205,-0.024559672146662326,False,False
Mumbai-Delhi,Long,2025-07-21,148023.0,67110.52,3,2.205660155814617,2.1871092041512035,8,0.008481950342581701,1,2.0392900262143385,0.08158237791665268,False,False
Mumbai-Delhi,Long,2025-07-28,145389.0,65171.76,3,2.2308588873462982,2.189377853814463,8,0.018946493616697868,1,2.062709519806737,0.08151868497475867,False,False
Mumbai-Delhi,Long,2025-08-04,190828.0,90447.35,4,2.1098241131442768,2.1860745010419773,8,-0.034880049998916474,1,2.177723560866707,-0.031179094051499878,False,False
Mumbai-Delhi,Long,2025-08-11,148897.0,68881.25,3,2.1616477633608566,2.173551941784101,8,-0.005476831813585936,1,1.9875632227052167,0.08758691983578681,False,False
Mumbai-Delhi,Long,2025-08-18,170150.0,76504.45999999999,3,2.2240533427724345,2.1625398535389313,8,0.028445019930078086,1,2.0091995404377454,0.1069350246257168,False,False
Mumbai-Delhi,Long,2025-08-25,111280.0,52940.07,3,2.101999487344841,2.1625452120921174,8,-0.027997437652969248,1,2.016425808178081,0.0424382979129192,False,False
Mumbai-Delhi,Long,2025-09-01,258328.0,118893.48,5,2.1727684310359154,2.158432119230019,8,0.006642002626893184,1,2.1297733430926677,0.02018763549778213,False,False
Mumbai-Delhi,Long,2025-09-08,111791.0,53338.630000000005,3,2.0958731036023983,2.165469174926056,8,-0.03213902655808265,1,2.14741053737507,-0.023999804823380266,False,False
Mumbai-Delhi,Long,2025-09-15,140366.0,64515.44,3,2.175696236435805,2.162835660552705,8,0.005946164157388578,1,2.0555846845360697,0.0584318188412869,False,False
Mumbai-Delhi,Long,2025-09-22,115338.0,52008.880000000005,3,2.2176597534882503,2.1590901706303534,8,0.027126973970150292,1,1.9816189298985276,0.11911514369809217,False,False
Mumbai-Delhi,Long,2025-09-29,269776.0,123497.62,5,2.184463149978113,2.1574402788980973,8,0.012525431801902576,1,2.084686608045349,0.047861650546274115,False,False
Mumbai-Delhi,Long,2025-10-06,195565.0,86308.54,4,2.2658823796579113,2.166770158502327,8,0.045741917187972936,1,2.1077674647961655,0.07501535036600271,False,False
Mumbai-Delhi,Long,2025-10-13,182528.0,85172.72,4,2.1430335910371303,2.1797994855394585,8,-0.016866640599848215,1,2.0536056831336182,0.04354677659785833,False,False
Mumbai-Delhi,Long,2025-10-20,181057.0,85803.81,4,2.1101277437447123,2.1696720165725454,8,-0.027443905057085938,1,2.0692583697434817,0.019750735142029185,False,False
Mumbai-Delhi,Long,2025-10-27,186492.0,87985.25,5,2.1195825436649893,2.1706880486225293,8,-0.023543458946102547,1,2.181260189422329,-0.02827615249956672,False,False
Mumbai-Delhi,Long,2025-11-03,132280.0,62079.33,3,2.1308219660231513,2.1640398127011635,8,-0.015349924009276705,1,2.0346378871364905,0.047273315558882256,False,False
Mumbai-Delhi,Long,2025-11-10,155922.0,73720.95,3,2.115029716790139,2.168408420503758,8,-0.024616535892817648,1,2.197442711775527,-0.03750404711065192,False,False
Mumbai-Delhi,Long,2025-11-17,275672.0,130766.23000000001,5,2.1081283753458364,2.1608251055480494,8,-0.02438731856035503,1,2.000526440902418,0.053786809433461036,False,False
Mumbai-Delhi,Long,2025-11-24,195075.0,87157.65,3,2.2381856325864686,2.147133683280248,8,0.042406278665945596,1,2.029318691900332,0.10292466211433027,False,False
Mumbai-Delhi,Long,2025-12-01,268896.0,125057.57999999999,5,2.1501775422169533,2.1538489936062923,8,-0.0017046001833173063,1,2.071703272273256,0.037879107010140745,False,False
Mumbai-Delhi,Long,2025-12-08,217468.0,100419.48,4,2.165595758910522,2.1393858889261725,8,0.012251118472836664,1,1.9828796331593561,0.09214685687201363,False,False
Mumbai-Delhi,Long,2025-12-15,131274.0,61230.03,3,2.14394799414601,2.1422061599103466,8,0.0008131029908606813,1,1.967585072941083,0.08963420368975705,False,False
Mumbai-Delhi,Long,2025-12-22,244332.0,110265.43,5,2.215853146357839,2.146433691210509,8,0.03234176552091861,1,1.9905279604623942,0.11319870424884781,False,False
Mumbai-Pune,Short,2024-01-01,34849.0,10556.220000000001,5,3.3012764038642617,,0,,1,3.000124589086287,0.1003797695180697,False,True
Mumbai-Pune,Short,2024-01-08,19157.0,5664.5,3,3.3819401535881366,3.3012764038642617,1,0.024434109676322535,1,3.053238844499479,0.10765659872329514,False,True
Mumbai-Pune,Short,2024-01-15,26887.0,7881.2300000000005,3,3.411523328211459,3.3416082787261994,2,0.02092257489615479,1,3.0182846114441744,0.13028549901366993,False,True
Mumbai-Pune,Short,2024-01-22,27538.0,8150.01,4,3.378891559642258,3.3649132952212857,3,0.004154123210492244,1,2.9905207109637173,0.12986729944879238,False,True
Mumbai-Pune,Short,2024-01-29,35824.0,10924.09,5,3.279357822939943,3.3684078613265287,4,-0.02643683367711791,1,3.193044427848018,0.027031692493579396,False,True
Mumbai-Pune,Short,2024-02-05,29429.0,8943.580000000002,4,3.2905167729253826,3.3505978536492114,5,-0.01793145084791159,1,3.0195634535054943,0.08973261320451176,False,True
Mumbai-Pune,Short,2024-02-12,39068.0,11907.57,5,3.280938092322783,3.34058434019524,6,-0.017855034268936087,1,3.1142032044219157,0.05354014396495299,False,True
Mumbai-Pune,Short,2024-02-19,46401.0,13727.060000000001,5,3.380257680814391,3.332063447642032,7,0.014463780155946404,1,2.99424656704531,0.128917610866627,False,True
Mumbai-Pune,Short,2024-02-26,15465.0,4758.57,3,3.249925923123964,3.3380877267885767,8,-0.026410870798002972,1,3.0959226120172616,0.04974391495088315,False,False
Mumbai-Pune,Short,2024-03-04,26244.0,7696.45,4,3.40988377758577,3.3316689166960396,8,0.023476180510545674,1,3.000886739557641,0.1362920608221354,False,False
Mumbai-Pune,Short,2024-03-11,23401.0,7003.99,3,3.3410955755219525,3.335161869695744,8,0.0017791357835204025,1,3.112900922683544,0.07330610851619657,False,False
Mumbai-Pune,Short,2024-03-18,25846.0,7569.33,3,3.4145690569706963,3.3263584006095557,8,0.02651868672509128,1,3.0794829093359195,0.1088124719312169,False,False
Mumbai-Pune,Short,2024-03-25,31642.0,8954.82,3,3.5335160282395406,3.3308180877756106,8,0.06085530194754529,1,3.1745168814310696,0.113087805236882,False,False
Mumbai-Pune,Short,2024-04-01,35782.0,10748.7,4,3.3289607115279054,3.36258786343806,8,-0.010000378659480669,1,2.989638453642722,0.11349942916065214,False,False
Mumbai-Pune,Short,2024-04-08,32045.0,9174.75,4,3.4927382217499114,3.3673933557633755,8,0.037223113768994454,1,3.1255946349424897,0.11746359643152426,False,False
Mumbai-Pune,Short,2024-04-15,20513.0,5745.26,3,3.5704215300961137,3.393868371941766,8,0.05202121555861483,1,3.2014746514424037,0.11524279240739377,False,False
Mumbai-Pune,Short,2024-04-22,27038.0,8130.51,3,3.325498646456372,3.4176388531019817,8,-0.02696019404214689,1,3.0583944142533848,0.08733478944317019,False,False
Mumbai-Pune,Short,2024-04-29,41594.0,11830.380000000001,5,3.515863395765816,3.4270854435185325,8,0.025904796863231105,1,3.074264709054747,0.1436436769450633,False,False
Mumbai-Pune,Short,2024-05-06,22435.0,6402.64,3,3.5040233403720964,3.4403328957910384,8,0.018512872594096397,1,3.0954422438138463,0.13199441772004894,False,False
Mumbai-Pune,Short,2024-05-13,26011.0,7876.900000000001,4,3.302187408752174,3.4606988663973066,8,-0.04580330845432612,1,3.060597254279632,0.07893562412850175,False,False
Mumbai-Pune,Short,2024-05-20,24154.0,7225.57,3,3.342850460240507,3.446651160369991,8,-0.030116392782361334,1,3.05433489252507,0.09446101291038067,False,False
Mumbai-Pune,Short,2024-05-27,37864.0,10992.779999999999,5,3.4444426250684543,3.422817964370112,8,0.0063177945550842995,1,3.1062883197284608,0.10886121007902894,False,False
Mumbai-Pune,Short,2024-06-03,25490.0,7542.09,3,3.3796997914371216,3.4372532035626806,8,-0.016744012942050746,1,3.141090487024008,0.07596384293888381,False,False
Mumbai-Pune,Short,2024-06-10,37371.0,10575.95,4,3.5335832714791575,3.423123399773582,8,0.032268737876315345,1,3.0307295587311263,0.16591837146913258,False,False
Mumbai-Pune,Short,2024-06-17,30914.0,9279.66,4,3.3313720545795857,3.418518617446462,8,-0.025492493275339423,1,3.174488942112091,0.0494199587172337,False,False
Mumbai-Pune,Short,2024-06-24,38345.0,11446.28,5,3.3499966801441166,3.419252793461864,8,-0.020254750818709755,1,3.098773366701835,0.08107185770402747,False,False
Mumbai-Pune,Short,2024-07-01,39325.0,11679.88,5,3.366901029805101,3.3985194540091515,8,-0.009303587821676618,1,3.191959322453199,0.05480699773374598,False,False
Mumbai-Pune,Short,2024-07-08,30111.0,8492.029999999999,4,3.545795292762744,3.381379165188277,8,0.04862398433963011,1,3.1168371831289035,0.13762608838079293,False,False
Mumbai-Pune,Short,2024-07-15,26754.0,7767.98,4,3.4441386306349915,3.4118301506895983,8,0.009469545234795262,1,3.0878248301608573,0.11539313920717853,False,False
Mumbai-Pune,Short,2024-07-22,33387.0,9496.18,5,3.5158347883043497,3.424491171988909,8,0.026673631709901446,1,3.12707767184565,0.12431962274517128,False,False
Mumbai-Pune,Short,2024-07-29,39314.0,11597.16,5,3.3899678886899896,3.433415192393396,8,-0.01265425276839871,1,3.1466393908496375,0.07732964207717807,False,False
Mumbai-Pune,Short,2024-08-05,22177.0,6579.64,3,3.3705491485856367,3.434698704550004,8,-0.018676909237886674,1,3.0568969586497357,0.10260476364713478,False,False
Mumbai-Pune,Short,2024-08-12,21044.0,6290.8,3,3.345202517962739,3.4143194391883145,8,-0.02024324977688874,1,3.002555648247461,0.11411840773551507,False,False
Mumbai-Pune,Short,2024-08-19,34387.0,10049.52,4,3.4217554669277734,3.416048247111209,8,0.0016707081995668283,1,3.0753854525836357,0.11262653728596916,False,False
Mumbai-Pune,Short,2024-08-26,47994.0,14151.04,5,3.391552846999231,3.4250180954591656,8,-0.009770823840114073,1,3.1060974515646174,0.09190162249765299,False,False
Mumbai-Pune,Short,2024-09-02,39728.0,12084.15,5,3.2876122855144962,3.428099572608432,8,-0.04098109874534339,1,3.0813894690353343,0.06692526814655553,False,False
Mumbai-Pune,Short,2024-09-09,44259.0,13513.98,5,3.275052945172333,3.395826696702401,8,-0.035565346031158906,1,3.1693666764970017,0.033346179051817026,False,False
Mumbai-Pune,Short,2024-09-16,40888.0,11921.359999999999,5,3.4298100216753795,3.3746909860195684,8,0.01633306157042358,1,3.1643300939939465,0.08389767179641816,False,False
Mumbai-Pune,Short,2024-09-23,30114.0,8683.82,4,3.4678286744773614,3.363937890190947,8,0.03088368087572424,1,3.1517796082071476,0.10027638526730454,False,False
Mumbai-Pune,Short,2024-09-30,27058.0,7906.47,3,3.422260503106949,3.373670488414369,8,0.014402715042694414,1,3.015728475216197,0.13480392257847695,False,False
Mumbai-Pune,Short,2024-10-07,37970.0,10808.07,5,3.513115662648373,3.3801344077295328,8,0.0393420020856996,1,3.0884291822040644,0.13750889380640752,False,False
Mumbai-Pune,Short,2024-10-14,26157.0,7797.6,3,3.3544936903662665,3.401123550815237,8,-0.013710134240137672,1,3.0945656781283994,0.08399498969272878,False,False
Mumbai-Pune,Short,2024-10-21,35932.0,10766.08,4,3.3375193199381763,3.392715828745049,8,-0.016269122317647655,1,3.077671631498974,0.084429958602388,False,False
Mumbai-Pune,Short,2024-10-28,45846.0,13128.82,5,3.492012229583466,3.385961637862417,8,0.03132067136708594,1,3.0342132300731706,0.1508789807429769,False,False
Mumbai-Pune,Short,2024-11-04,44076.0,12877.26,5,3.422777826960083,3.411511630871038,8,0.0033024058857358263,1,3.0070145642918757,0.1382644658943033,False,False
Mumbai-Pune,Short,2024-11-11,39475.0,11449.51,5,3.4477457987285045,3.429977241094507,8,0.0051803718756826544,1,4.1729570742422215,-0.1737883382482217,False,False
Mumbai-Pune,Short,2024-11-18,27703.0,8104.77,4,3.4181105694547775,3.4322192132261478,8,-0.004110647629091413,1,4.09056418496697,-0.16439141035446736,False,False
Mumbai-Pune,Short,2024-11-25,26516.0,7726.23,3,3.4319454636996314,3.426004450098324,8,0.0017340939534205013,1,3.057646609169616,0.12241403352746039,False,False
Mumbai-Pune,Short,2024-12-02,25020.0,7272.21,3,3.4404947051859063,3.4272150701724096,8,0.0038747597514587895,1,3.0450670601508714,0.1298584357007373,False,False
Mumbai-Pune,Short,2024-12-09,29655.0,8650.380000000001,4,3.428173097598024,3.4181374504896014,8,0.002935998699228781,1,3.2214860208844813,0.06415892397906342,False,False
Mumbai-Pune,Short,2024-12-16,39097.0,11022.720000000001,5,3.54694667015038,3.427347376393571,8,0.03489558560085526,1,3.076749650643224,0.15282264496523346,False,False
Mumbai-Pune,Short,2024-12-23,19865.0,5664.6900000000005,3,3.506811493656316,3.4535257951700964,8,0.01542936165722053,1,3.112671142027137,0.12662447577822,False,False
Mumbai-Pune,Short,2024-12-30,44440.0,13058.9,5,3.4030431353329913,3.4553757031792025,8,-0.015145261280288924,1,3.2183319030184787,0.057393469002147146,False,False
Mumbai-Pune,Short,2025-01-06,44306.0,12666.080000000002,5,3.498004118085469,3.4529088667258163,8,0.013060075750685352,1,3.1695157011646455,0.10363993994417497,False,False
Mumbai-Pune,Short,2025-01-13,19403.0,5499.33,3,3.52824798657291,3.4591911566454367,8,0.01996328817932147,1,3.0456888656997902,0.1584400581121883,False,False
Mumbai-Pune,Short,2025-01-20,35692.0,10185.580000000002,4,3.5041696201885406,3.4729583337852037,8,0.0089869452505984,1,3.0626419384480377,0.14416562256188614,False,False
Mumbai-Pune,Short,2025-01-27,23970.0,7078.620000000001,4,3.3862532527526548,3.4819863533463176,8,-0.027493818435462725,1,3.14393683879164,0.0770741991286783,False,False
Mumbai-Pune,Short,2025-02-03,25075.0,7524.6900000000005,3,3.3323631936996736,3.4752061717921605,8,-0.04110345430781248,1,3.0152735695620803,0.10516114601954518,False,False
Mumbai-Pune,Short,2025-02-10,35911.0,10600.27,4,3.387743897089414,3.463229933804867,8,-0.021796426503082555,1,2.9893656191704183,0.1332651567825116,False,False
Mumbai-Pune,Short,2025-02-17,25517.0,7486.26,4,3.4085110589266203,3.4433295871722462,8,-0.010111877868252517,1,3.096863432502284,0.10063331277495924,False,False
Mumbai-Pune,Short,2025-02-24,38846.0,11390.449999999999,4,3.4104008182293066,3.4310420328310345,8,-0.006016019158091246,1,3.0826648241960193,0.1063158055526725,False,False
Mumbai-Pune,Short,2025-03-03,32151.0,9185.84,4,3.500060963395835,3.4319617431930736,8,0.0198426513167953,1,3.2186160226789817,0.0874428446057991,False,False
Mumbai-Pune,Short,2025-03-10,44175.0,12566.73,5,3.515234273355121,3.4322188488568695,8,0.02418710115932754,1,3.1829782537128866,0.10438526221618516,False,False
Mumbai-Pune,Short,2025-03-17,23471.0,6922.8,3,3.3903911712024035,3.4305921347046455,8,-0.011718374532361353,1,3.0785154656676097,0.10130717516702825,False,False
Mumbai-Pune,Short,2025-03-24,26460.0,7906.070000000001,3,3.346795563408874,3.416369828581378,8,-0.02036496885976613,1,3.1392449796071875,0.06611480950035875,False,False
Mumbai-Pune,Short,2025-03-31,21658.0,6700.619999999999,3,3.232238210792435,3.411437617413406,8,-0.05252900000464977,1,3.0556091823346243,0.057804849350157284,False,False
Mumbai-Pune,Short,2025-04-07,35201.0,9982.65,5,3.526217988209544,3.398921994550001,8,0.03745187264187155,1,3.1881643364078243,0.10603394810651823,False,False
Mumbai-Pune,Short,2025-04-14,41400.0,12178.79,5,3.3993524808293762,3.4162312559400174,8,-0.0049407589375845,1,2.9953091684434967,0.13489202271424938,False,False
Mumbai-Pune,Short,2025-04-21,27382.0,8313.1,3,3.293837437297759,3.4150864336778617,8,-0.03550393196037627,1,3.072194137196133,0.0721449525009219,False,False
Mumbai-Pune,Short,2025-04-28,39430.0,11546.86,5,3.4147811612854055,3.4005160110614185,8,0.004194995752875297,1,3.0337773255273235,0.125587277797937,False,False
Mumbai-Pune,Short,2025-05-05,32029.0,8860.5,4,3.6148072907849444,3.3898560357976146,8,0.06636012049237361,1,3.3237865177749173,0.08755699905926839,False,False
Mumbai-Pune,Short,2025-05-12,39132.0,10889.96,4,3.59340162865612,3.402302662976343,8,0.0561675384613205,1,3.1848870962999465,0.1282665664446212,False,False
Mumbai-Pune,Short,2025-05-19,35349.0,10176.02,5,3.473754965104235,3.4276789701580572,8,0.013442330903017163,1,3.3235820912256573,0.04518404232440609,False,False
Mumbai-Pune,Short,2025-05-26,24399.0,7016.0,3,3.4776225769669327,3.4435488953699775,8,0.009894931836968768,1,3.2798987495107466,0.060283515607205906,False,False
Mumbai-Pune,Short,2025-06-02,45810.0,12827.46,5,3.5712448138602655,3.47422194114179,8,0.0279265039373362,1,3.1432011511692783,0.13618080488795758,False,False
Mumbai-Pune,Short,2025-06-09,41097.0,11828.23,4,3.4744843480385486,3.4798502943481298,8,-0.0015420049300098881,1,3.2768079520721605,0.060325902176044055,False,False
Mumbai-Pune,Short,2025-06-16,28364.0,7625.69,4,3.7195322652769782,3.4892417777492764,8,0.06600015195170861,1,3.292580567235923,0.1296708430735456,False,False
Mumbai-Pune,Short,2025-06-23,26293.0,6988.68,3,3.762226915526251,3.5424536312466786,8,0.06203984784473482,1,3.1206702077053943,0.2055829886274938,True,False
Mumbai-Pune,Short,2025-06-30,36279.0,10235.9,4,3.544290194316084,3.5858843505267846,8,-0.011599413741436027,1,3.3356062497082752,0.0625625235670606,False,False
Mumbai-Pune,Short,2025-07-07,45027.0,12370.34,5,3.6399161219497604,3.577069713468177,8,0.017569243407518087,1,3.2287984896050577,0.12732836492220678,False,False
Mumbai-Pune,Short,2025-07-14,41384.0,11522.220000000001,5,3.591668966570678,3.582884025129882,8,0.0024519190069172137,1,3.3924006028837717,0.05873963219954459,False,False
Mumbai-Pune,Short,2025-07-21,40014.0,11343.009999999998,5,3.5276350809882038,3.597623275313187,8,-0.01945400865211222,1,3.205845978816847,0.10037572119734728,False,False
Mumbai-Pune,Short,2025-07-28,37406.0,10496.87,5,3.563538464323174,3.603874838315846,8,-0.011192501349886474,1,3.3363586311316045,0.06809215024780357,False,False
Mumbai-Pune,Short,2025-08-04,27008.0,7250.33,3,3.725071824316962,3.6029115446237094,8,0.03390598913690823,1,3.3365197179552135,0.11645431144038687,False,False
Mumbai-Pune,Short,2025-08-11,36607.0,10368.32,5,3.530658775963705,3.6342349791585113,8,-0.028500139310966843,1,3.3717358088444347,0.047133872915664954,False,False
Mumbai-Pune,Short,2025-08-18,37780.0,9980.919999999998,4,3.785222203965166,3.610625792994352,8,0.048356274225255014,1,3.277989899436711,0.1547388247339072,False,False
Mumbai-Pune,Short,2025-08-25,46601.0,12831.29,5,3.6318250152556755,3.613500204049217,8,0.0050712080176236185,1,3.230412788677708,0.12426035087060061,False,False
Mumbai-Pune,Short,2025-09-01,39105.0,10658.619999999999,5,3.6688614473543484,3.6244420566666657,8,0.012255511329248403,1,3.4516755988995365,0.06292185990017574,False,False
Mumbai-Pune,Short,2025-09-08,23499.0,6321.41,3,3.717366853281151,3.6280602223422393,8,0.024615531569444515,1,3.2490361690471596,0.14414449697287846,False,False
Mumbai-Pune,Short,2025-09-15,34203.0,8591.97,4,3.9808099888616932,3.643772458181048,8,0.09249686541867441,1,3.220063126502312,0.23625215794626908,True,False
Mumbai-Pune,Short,2025-09-22,23816.0,6272.530000000001,3,3.7968730320939077,3.7004193216652346,8,0.02606561636513871,1,3.213261699122259,0.18162583306895574,False,False
Mumbai-Pune,Short,2025-09-29,18951.0,4960.17,3,3.8206351798426263,3.7295861426365757,8,0.024412638218803684,1,3.4357369165119147,0.1120278626343354,False,False
Mumbai-Pune,Short,2025-10-06,44675.0,11333.27,5,3.941933793159432,3.7415315620772844,8,0.05356155033231502,1,3.2076541666060807,0.22891483570695215,True,False
Mumbai-Pune,Short,2025-10-13,36894.0,9544.310000000001,4,3.865549212043615,3.7929409392267504,8,0.019143001164596773,1,3.3040475259408253,0.1699435863722638,False,False
Mumbai-Pune,Short,2025-10-20,39114.0,9550.869999999999,4,4.095333723524663,3.802981815236556,8,0.07687439027891396,1,3.280635187457082,0.24833560865969928,True,False
Mumbai-Pune,Short,2025-10-27,29049.0,7131.679999999999,3,4.073233796244364,3.860920403770179,8,0.05499035729067647,1,3.175794981332303,0.28258713808268854,True,False
Mumbai-Pune,Short,2025-11-03,44487.0,10593.72,5,4.1993747238930235,3.911466947381432,8,0.07360608702173344,1,3.384580905210748,0.24073698974896884,True,False
Mumbai-Pune,Short,2025-11-10,41258.0,10397.6,5,3.9680310840963298,3.9717179312079156,8,-0.0009282751634037689,1,3.2678342781499055,0.21426937425445058,True,False
Mumbai-Pune,Short,2025-11-17,30600.0,7079.93,3,4.322076630701151,3.970120568112245,8,0.0886512277273881,1,3.2840674798770078,0.3160742454850587,True,False
Mumbai-Pune,Short,2025-11-24,30766.0,7402.039999999999,3,4.15642174319512,4.035771017938151,8,0.029895334676001584,1,3.3779523991731564,0.2304559839897431,True,False
Mumbai-Pune,Short,2025-12-01,62633.0,14258.11,5,4.39279820396953,4.077744338357212,8,0.07726179953185675,1,3.197263163309926,0.3739245034249672,True,False
Mumbai-Pune,Short,2025-12-08,33602.0,7581.78,3,4.43194078435407,4.134102389708474,8,0.07204427142081471,1,3.192948984068379,0.38803996132346485,True,False
Mumbai-Pune,Short,2025-12-15,31391.0,7153.68,3,4.388091164267901,4.204901336247281,8,0.04356578510926723,1,3.238369017603138,0.35503123344347065,True,False
Mumbai-Pune,Short,2025-12-22,32197.0,7178.280000000001,3,4.485336320121254,4.241496016340186,8,0.05748922145433677,1,3.2289253632943895,0.3891111795612956,True,False
